Generated on DKR12 at https://github.com/polgreen/BaeVer/tree/210b1ebd4dfb5639cc9ebc4c0fc59eeb63f5eb20,
model, modelnum, one, p1, p2, num of traces, trace length, integration samples, strategy,confidence, p1 count, inv_p1 count, p2 count, inv_p2 counts,
MDP , 1 , 1 , 0.15 , 0.15 , 10 , 10 , 10000 , 3 , 0.142 , 1 , 4 , 1 , 5 , 
MDP , 1 , 1 , 0.2 , 0.2 , 10 , 10 , 10000 , 3 , 0.0921 , 1 , 5 , 1 , 4 , 
MDP , 1 , 1 , 0.25 , 0.25 , 10 , 10 , 10000 , 3 , 0.4642 , 3 , 5 , 3 , 3 , 
MDP , 1 , 1 , 0.15 , 0.15 , 10 , 10 , 10000 , 3 , 0.142 , 1 , 4 , 1 , 5 , 
MDP , 1 , 1 , 0.15 , 0.15 , 10 , 10 , 10000 , 3 , 0.0612 , 1 , 6 , 1 , 2 , 
MDP , 1 , 1 , 0.15 , 0.15 , 10 , 10 , 10000 , 3 , 0.0364 , 1 , 7 , 3 , 3 , 
MDP , 1 , 1 , 0.15 , 0.15 , 10 , 10 , 10000 , 3 , 0.1532 , 3 , 9 , 2 , 3 , 
MDP , 1 , 1 , 0.15 , 0.15 , 10 , 10 , 10000 , 3 , 0.6855 , 5 , 6 , 2 , 5 , 
MDP , 1 , 1 , 0.15 , 0.15 , 10 , 10 , 10000 , 3 , 0.0368 , 1 , 7 , 1 , 2 , 
MDP , 1 , 1 , 0.15 , 0.15 , 10 , 10 , 10000 , 3 , 0.088 , 2 , 8 , 3 , 5 , 
MDP , 1 , 1 , 0.15 , 0.15 , 10 , 10 , 10000 , 3 , 0.0531 , 1 , 6 , 3 , 2 , 
MDP , 1 , 1 , 0.15 , 0.15 , 10 , 10 , 10000 , 3 , 0.2091 , 3 , 8 , 1 , 4 , 
MDP , 1 , 1 , 0.15 , 0.15 , 10 , 10 , 10000 , 3 , 0.0619 , 2 , 9 , 2 , 2 , 
MDP , 1 , 1 , 0.15 , 0.15 , 10 , 10 , 10000 , 3 , 0.1874 , 2 , 6 , 1 , 2 , 
MDP , 1 , 1 , 0.15 , 0.15 , 10 , 10 , 10000 , 3 , 0.2071 , 3 , 8 , 1 , 3 , 
MDP , 1 , 1 , 0.15 , 0.15 , 10 , 10 , 10000 , 3 , 0.0138 , 1 , 9 , 1 , 3 , 
MDP , 1 , 1 , 0.15 , 0.15 , 10 , 10 , 10000 , 3 , 0.576 , 3 , 4 , 1 , 6 , 
MDP , 1 , 1 , 0.15 , 0.15 , 10 , 10 , 10000 , 3 , 0.0637 , 2 , 9 , 2 , 3 , 
MDP , 1 , 1 , 0.15 , 0.15 , 10 , 10 , 10000 , 3 , 0.024 , 1 , 8 , 1 , 3 , 
MDP , 1 , 1 , 0.15 , 0.15 , 10 , 10 , 10000 , 3 , 0.013 , 1 , 9 , 2 , 4 , 
MDP , 1 , 1 , 0.15 , 0.15 , 10 , 10 , 10000 , 3 , 0.5684 , 3 , 4 , 2 , 3 , 
MDP , 1 , 1 , 0.15 , 0.15 , 10 , 10 , 10000 , 3 , 0.0942 , 1 , 5 , 2 , 5 , 
MDP , 1 , 1 , 0.15 , 0.15 , 10 , 10 , 10000 , 3 , 0.5875 , 3 , 4 , 1 , 5 , 
MDP , 1 , 1 , 0.15 , 0.15 , 10 , 10 , 10000 , 3 , 0.2617 , 2 , 5 , 2 , 3 , 
MDP , 1 , 1 , 0.15 , 0.15 , 10 , 10 , 10000 , 3 , 0.1061 , 3 , 10 , 2 , 3 , 
MDP , 1 , 1 , 0.15 , 0.15 , 10 , 10 , 10000 , 3 , 0.1823 , 2 , 6 , 1 , 4 , 
MDP , 1 , 1 , 0.15 , 0.15 , 10 , 10 , 10000 , 3 , 0.1097 , 3 , 10 , 1 , 5 , 
MDP , 1 , 1 , 0.15 , 0.15 , 10 , 10 , 10000 , 3 , 0.0956 , 1 , 5 , 1 , 6 , 
MDP , 1 , 1 , 0.15 , 0.15 , 10 , 10 , 10000 , 3 , 0.1468 , 1 , 4 , 2 , 6 , 
MDP , 1 , 1 , 0.15 , 0.15 , 10 , 10 , 10000 , 3 , 0.0888 , 2 , 8 , 2 , 4 , 
MDP , 1 , 1 , 0.15 , 0.15 , 10 , 10 , 10000 , 3 , 0.0378 , 1 , 7 , 1 , 2 , 
MDP , 1 , 1 , 0.15 , 0.15 , 10 , 10 , 10000 , 3 , 0.0213 , 1 , 8 , 4 , 5 , 
MDP , 1 , 1 , 0.15 , 0.15 , 10 , 10 , 10000 , 3 , 0.0952 , 1 , 5 , 3 , 3 , 
MDP , 1 , 1 , 0.15 , 0.15 , 10 , 10 , 10000 , 3 , 0.6251 , 2 , 2 , 1 , 3 , 
MDP , 1 , 1 , 0.15 , 0.15 , 10 , 10 , 10000 , 3 , 0.598 , 5 , 7 , 1 , 3 , 
MDP , 1 , 1 , 0.15 , 0.15 , 10 , 10 , 10000 , 3 , 0.0135 , 1 , 9 , 1 , 2 , 
MDP , 1 , 1 , 0.15 , 0.15 , 10 , 10 , 10000 , 3 , 0.5343 , 4 , 6 , 2 , 9 , 
MDP , 1 , 1 , 0.15 , 0.15 , 10 , 10 , 10000 , 3 , 0.1546 , 3 , 9 , 1 , 2 , 
MDP , 1 , 1 , 0.15 , 0.15 , 10 , 10 , 10000 , 3 , 0.1913 , 2 , 6 , 1 , 3 , 
MDP , 1 , 1 , 0.15 , 0.15 , 10 , 10 , 10000 , 3 , 0.0575 , 1 , 6 , 3 , 3 , 
MDP , 1 , 1 , 0.15 , 0.15 , 10 , 10 , 10000 , 3 , 0.0347 , 1 , 7 , 1 , 3 , 
MDP , 1 , 1 , 0.15 , 0.15 , 10 , 10 , 10000 , 3 , 0.0382 , 2 , 10 , 1 , 1 , 
MDP , 1 , 1 , 0.15 , 0.15 , 10 , 10 , 10000 , 3 , 0.2078 , 3 , 8 , 1 , 2 , 
MDP , 1 , 1 , 0.15 , 0.15 , 10 , 10 , 10000 , 3 , 0.19 , 2 , 6 , 1 , 4 , 
MDP , 1 , 1 , 0.15 , 0.15 , 10 , 10 , 10000 , 3 , 0.0548 , 1 , 6 , 2 , 2 , 
MDP , 1 , 1 , 0.15 , 0.15 , 10 , 10 , 10000 , 3 , 0.0625 , 1 , 6 , 1 , 2 , 
MDP , 1 , 1 , 0.15 , 0.15 , 10 , 10 , 10000 , 3 , 0.0383 , 1 , 7 , 3 , 5 , 
MDP , 1 , 1 , 0.15 , 0.15 , 10 , 10 , 10000 , 3 , 0.1465 , 1 , 4 , 3 , 6 , 
MDP , 1 , 1 , 0.15 , 0.15 , 10 , 10 , 10000 , 3 , 0.148 , 1 , 4 , 1 , 1 , 
MDP , 1 , 1 , 0.15 , 0.15 , 10 , 10 , 10000 , 3 , 0.1899 , 2 , 6 , 2 , 1 , 
MDP , 1 , 1 , 0.15 , 0.15 , 10 , 10 , 10000 , 3 , 0.3741 , 3 , 6 , 2 , 4 , 
MDP , 1 , 1 , 0.15 , 0.15 , 10 , 10 , 10000 , 3 , 0.2124 , 4 , 10 , 1 , 4 , 
MDP , 1 , 1 , 0.15 , 0.15 , 10 , 10 , 10000 , 3 , 0.0601 , 1 , 6 , 2 , 5 , 
MDP , 1 , 1 , 0.15 , 0.15 , 10 , 10 , 10000 , 3 , 0.0341 , 1 , 7 , 2 , 6 , 
MDP , 1 , 1 , 0.15 , 0.15 , 10 , 10 , 10000 , 3 , 0.0223 , 1 , 8 , 2 , 5 , 
MDP , 1 , 1 , 0.15 , 0.15 , 10 , 10 , 10000 , 3 , 0.1266 , 2 , 7 , 1 , 5 , 
MDP , 1 , 1 , 0.15 , 0.15 , 10 , 10 , 10000 , 3 , 0.3538 , 3 , 6 , 3 , 4 , 
MDP , 1 , 1 , 0.15 , 0.15 , 10 , 10 , 10000 , 3 , 0.0147 , 1 , 9 , 2 , 6 , 
MDP , 1 , 1 , 0.15 , 0.15 , 10 , 10 , 10000 , 3 , 0.0908 , 2 , 8 , 1 , 1 , 
MDP , 1 , 1 , 0.15 , 0.15 , 10 , 10 , 10000 , 3 , 0.0023 , 1 , 13 , 1 , 3 , 
MDP , 1 , 1 , 0.15 , 0.15 , 10 , 10 , 10000 , 3 , 0.0083 , 1 , 10 , 1 , 6 , 
MDP , 1 , 1 , 0.15 , 0.15 , 10 , 10 , 10000 , 3 , 0.3611 , 3 , 6 , 2 , 4 , 
MDP , 1 , 1 , 0.15 , 0.15 , 10 , 10 , 10000 , 3 , 0.0433 , 2 , 10 , 2 , 2 , 
MDP , 1 , 1 , 0.15 , 0.15 , 10 , 10 , 10000 , 3 , 0.0857 , 2 , 8 , 2 , 6 , 
MDP , 1 , 1 , 0.15 , 0.15 , 10 , 10 , 10000 , 3 , 0.0196 , 2 , 12 , 1 , 5 , 
MDP , 1 , 1 , 0.15 , 0.15 , 10 , 10 , 10000 , 3 , 0.1364 , 2 , 7 , 2 , 6 , 
MDP , 1 , 1 , 0.15 , 0.15 , 10 , 10 , 10000 , 3 , 0.0222 , 1 , 8 , 3 , 6 , 
MDP , 1 , 1 , 0.15 , 0.15 , 10 , 10 , 10000 , 3 , 0.2739 , 3 , 7 , 1 , 3 , 
MDP , 1 , 1 , 0.15 , 0.15 , 10 , 10 , 10000 , 3 , 0.1301 , 2 , 7 , 5 , 5 , 
MDP , 1 , 1 , 0.15 , 0.15 , 10 , 10 , 10000 , 3 , 0.0033 , 1 , 12 , 1 , 4 , 
MDP , 1 , 1 , 0.15 , 0.15 , 10 , 10 , 10000 , 3 , 0.1897 , 2 , 6 , 1 , 2 , 
MDP , 1 , 1 , 0.15 , 0.15 , 10 , 10 , 10000 , 3 , 0.2689 , 3 , 7 , 1 , 2 , 
MDP , 1 , 1 , 0.15 , 0.15 , 10 , 10 , 10000 , 3 , 0.1374 , 2 , 7 , 2 , 2 , 
MDP , 1 , 1 , 0.15 , 0.15 , 10 , 10 , 10000 , 3 , 0.2744 , 3 , 7 , 2 , 2 , 
MDP , 1 , 1 , 0.15 , 0.15 , 10 , 10 , 10000 , 3 , 0.0421 , 2 , 10 , 1 , 4 , 
MDP , 1 , 1 , 0.15 , 0.15 , 10 , 10 , 10000 , 3 , 0.0229 , 1 , 8 , 2 , 3 , 
MDP , 1 , 1 , 0.15 , 0.15 , 10 , 10 , 10000 , 3 , 0.2717 , 2 , 5 , 3 , 2 , 
MDP , 1 , 1 , 0.15 , 0.15 , 10 , 10 , 10000 , 3 , 0.5745 , 3 , 4 , 1 , 3 , 
MDP , 1 , 1 , 0.15 , 0.15 , 10 , 10 , 10000 , 3 , 0.2742 , 3 , 7 , 1 , 3 , 
MDP , 1 , 1 , 0.15 , 0.15 , 10 , 10 , 10000 , 3 , 0.0624 , 2 , 9 , 1 , 1 , 
MDP , 1 , 1 , 0.15 , 0.15 , 10 , 10 , 10000 , 3 , 0.441 , 4 , 7 , 1 , 3 , 
MDP , 1 , 1 , 0.15 , 0.15 , 10 , 10 , 10000 , 3 , 0.0132 , 1 , 9 , 3 , 5 , 
MDP , 1 , 1 , 0.15 , 0.15 , 10 , 10 , 10000 , 3 , 0.087 , 1 , 5 , 1 , 2 , 
MDP , 1 , 1 , 0.15 , 0.15 , 10 , 10 , 10000 , 3 , 0.0555 , 1 , 6 , 2 , 4 , 
MDP , 1 , 1 , 0.15 , 0.15 , 10 , 10 , 10000 , 3 , 0.3676 , 2 , 4 , 1 , 5 , 
MDP , 1 , 1 , 0.15 , 0.15 , 10 , 10 , 10000 , 3 , 0.0133 , 1 , 9 , 2 , 8 , 
MDP , 1 , 1 , 0.15 , 0.15 , 10 , 10 , 10000 , 3 , 0.0608 , 2 , 9 , 1 , 3 , 
MDP , 1 , 1 , 0.15 , 0.15 , 10 , 10 , 10000 , 3 , 0.1312 , 2 , 7 , 1 , 5 , 
MDP , 1 , 1 , 0.15 , 0.15 , 10 , 10 , 10000 , 3 , 0.699 , 3 , 3 , 1 , 3 , 
MDP , 1 , 1 , 0.15 , 0.15 , 10 , 10 , 10000 , 3 , 0.1279 , 2 , 7 , 2 , 3 , 
MDP , 1 , 1 , 0.15 , 0.15 , 10 , 10 , 10000 , 3 , 0.035 , 1 , 7 , 1 , 5 , 
MDP , 1 , 1 , 0.15 , 0.15 , 10 , 10 , 10000 , 3 , 0.0215 , 1 , 8 , 1 , 2 , 
MDP , 1 , 1 , 0.15 , 0.15 , 10 , 10 , 10000 , 3 , 0.1306 , 2 , 7 , 2 , 7 , 
MDP , 1 , 1 , 0.15 , 0.15 , 10 , 10 , 10000 , 3 , 0.6894 , 3 , 3 , 2 , 1 , 
MDP , 1 , 1 , 0.15 , 0.15 , 10 , 10 , 10000 , 3 , 0.0897 , 2 , 8 , 1 , 1 , 
MDP , 1 , 1 , 0.15 , 0.15 , 10 , 10 , 10000 , 3 , 0.1051 , 3 , 10 , 1 , 1 , 
MDP , 1 , 1 , 0.15 , 0.15 , 10 , 10 , 10000 , 3 , 0.3628 , 3 , 6 , 3 , 4 , 
MDP , 1 , 1 , 0.15 , 0.15 , 10 , 10 , 10000 , 3 , 0.1251 , 2 , 7 , 1 , 5 , 
MDP , 1 , 1 , 0.15 , 0.15 , 10 , 10 , 10000 , 3 , 0.0218 , 1 , 8 , 1 , 3 , 
MDP , 1 , 1 , 0.15 , 0.15 , 10 , 10 , 10000 , 3 , 0.0848 , 2 , 8 , 1 , 4 , 
MDP , 1 , 1 , 0.15 , 0.15 , 10 , 10 , 10000 , 3 , 0.0126 , 1 , 9 , 1 , 1 , 
MDP , 1 , 1 , 0.15 , 0.15 , 10 , 10 , 10000 , 3 , 0.0621 , 2 , 9 , 3 , 5 , 
MDP , 1 , 1 , 0.15 , 0.15 , 10 , 10 , 10000 , 3 , 0.0049 , 1 , 12 , 1 , 3 , 
MDP , 1 , 1 , 0.2 , 0.2 , 10 , 10 , 10000 , 3 , 0.0921 , 1 , 5 , 1 , 4 , 
MDP , 1 , 1 , 0.2 , 0.2 , 10 , 10 , 10000 , 3 , 0.6212 , 2 , 2 , 2 , 2 , 
MDP , 1 , 1 , 0.2 , 0.2 , 10 , 10 , 10000 , 3 , 0.2754 , 3 , 7 , 1 , 7 , 
MDP , 1 , 1 , 0.2 , 0.2 , 10 , 10 , 10000 , 3 , 0.4698 , 3 , 5 , 3 , 7 , 
MDP , 1 , 1 , 0.2 , 0.2 , 10 , 10 , 10000 , 3 , 0.3581 , 2 , 4 , 2 , 7 , 
MDP , 1 , 1 , 0.2 , 0.2 , 10 , 10 , 10000 , 3 , 0.091 , 1 , 5 , 1 , 4 , 
MDP , 1 , 1 , 0.2 , 0.2 , 10 , 10 , 10000 , 3 , 0.065 , 4 , 14 , 1 , 7 , 
MDP , 1 , 1 , 0.2 , 0.2 , 10 , 10 , 10000 , 3 , 0.4461 , 4 , 7 , 1 , 5 , 
MDP , 1 , 1 , 0.2 , 0.2 , 10 , 10 , 10000 , 3 , 0.0142 , 1 , 9 , 1 , 3 , 
MDP , 1 , 1 , 0.2 , 0.2 , 10 , 10 , 10000 , 3 , 0.1899 , 2 , 6 , 2 , 4 , 
MDP , 1 , 1 , 0.2 , 0.2 , 10 , 10 , 10000 , 3 , 0.2143 , 3 , 8 , 1 , 8 , 
MDP , 1 , 1 , 0.2 , 0.2 , 10 , 10 , 10000 , 3 , 0.8489 , 5 , 4 , 2 , 2 , 
MDP , 1 , 1 , 0.2 , 0.2 , 10 , 10 , 10000 , 3 , 0.4582 , 3 , 5 , 3 , 4 , 
MDP , 1 , 1 , 0.2 , 0.2 , 10 , 10 , 10000 , 3 , 0.2018 , 3 , 8 , 2 , 2 , 
MDP , 1 , 1 , 0.2 , 0.2 , 10 , 10 , 10000 , 3 , 0.1312 , 2 , 7 , 1 , 4 , 
MDP , 1 , 1 , 0.2 , 0.2 , 10 , 10 , 10000 , 3 , 0.129 , 2 , 7 , 1 , 3 , 
MDP , 1 , 1 , 0.2 , 0.2 , 10 , 10 , 10000 , 3 , 0.4288 , 4 , 7 , 4 , 4 , 
MDP , 1 , 1 , 0.2 , 0.2 , 10 , 10 , 10000 , 3 , 0.2653 , 2 , 5 , 2 , 4 , 
MDP , 1 , 1 , 0.2 , 0.2 , 10 , 10 , 10000 , 3 , 0.0357 , 1 , 7 , 1 , 5 , 
MDP , 1 , 1 , 0.2 , 0.2 , 10 , 10 , 10000 , 3 , 0.2063 , 3 , 8 , 2 , 3 , 
MDP , 1 , 1 , 0.2 , 0.2 , 10 , 10 , 10000 , 3 , 0.5727 , 3 , 4 , 1 , 3 , 
MDP , 1 , 1 , 0.2 , 0.2 , 10 , 10 , 10000 , 3 , 0.0621 , 2 , 9 , 3 , 3 , 
MDP , 1 , 1 , 0.2 , 0.2 , 10 , 10 , 10000 , 3 , 0.0925 , 1 , 5 , 4 , 3 , 
MDP , 1 , 1 , 0.2 , 0.2 , 10 , 10 , 10000 , 3 , 0.0581 , 1 , 6 , 2 , 9 , 
MDP , 1 , 1 , 0.2 , 0.2 , 10 , 10 , 10000 , 3 , 0.5918 , 5 , 7 , 1 , 3 , 
MDP , 1 , 1 , 0.2 , 0.2 , 10 , 10 , 10000 , 3 , 0.1287 , 2 , 7 , 1 , 4 , 
MDP , 1 , 1 , 0.2 , 0.2 , 10 , 10 , 10000 , 3 , 0.0555 , 1 , 6 , 1 , 3 , 
MDP , 1 , 1 , 0.2 , 0.2 , 10 , 10 , 10000 , 3 , 0.2792 , 3 , 7 , 1 , 3 , 
MDP , 1 , 1 , 0.2 , 0.2 , 10 , 10 , 10000 , 3 , 0.3644 , 2 , 4 , 4 , 9 , 
MDP , 1 , 1 , 0.2 , 0.2 , 10 , 10 , 10000 , 3 , 0.1395 , 2 , 7 , 3 , 6 , 
MDP , 1 , 1 , 0.2 , 0.2 , 10 , 10 , 10000 , 3 , 0.1863 , 2 , 6 , 2 , 5 , 
MDP , 1 , 1 , 0.2 , 0.2 , 10 , 10 , 10000 , 3 , 0.4407 , 4 , 7 , 2 , 5 , 
MDP , 1 , 1 , 0.2 , 0.2 , 10 , 10 , 10000 , 3 , 0.2047 , 3 , 8 , 1 , 2 , 
MDP , 1 , 1 , 0.2 , 0.2 , 10 , 10 , 10000 , 3 , 0.2728 , 3 , 7 , 1 , 4 , 
MDP , 1 , 1 , 0.2 , 0.2 , 10 , 10 , 10000 , 3 , 0.0389 , 1 , 7 , 1 , 5 , 
MDP , 1 , 1 , 0.2 , 0.2 , 10 , 10 , 10000 , 3 , 0.0435 , 2 , 10 , 3 , 4 , 
MDP , 1 , 1 , 0.2 , 0.2 , 10 , 10 , 10000 , 3 , 0.3716 , 2 , 4 , 2 , 3 , 
MDP , 1 , 1 , 0.2 , 0.2 , 10 , 10 , 10000 , 3 , 0.1685 , 4 , 11 , 1 , 4 , 
MDP , 1 , 1 , 0.2 , 0.2 , 10 , 10 , 10000 , 3 , 0.268 , 3 , 7 , 3 , 4 , 
MDP , 1 , 1 , 0.2 , 0.2 , 10 , 10 , 10000 , 3 , 0.4448 , 4 , 7 , 1 , 5 , 
MDP , 1 , 1 , 0.2 , 0.2 , 10 , 10 , 10000 , 3 , 0.1312 , 2 , 7 , 2 , 5 , 
MDP , 1 , 1 , 0.2 , 0.2 , 10 , 10 , 10000 , 3 , 0.1072 , 3 , 10 , 3 , 4 , 
MDP , 1 , 1 , 0.2 , 0.2 , 10 , 10 , 10000 , 3 , 0.3565 , 3 , 6 , 1 , 1 , 
MDP , 1 , 1 , 0.2 , 0.2 , 10 , 10 , 10000 , 3 , 0.7424 , 4 , 4 , 1 , 3 , 
MDP , 1 , 1 , 0.2 , 0.2 , 10 , 10 , 10000 , 3 , 0.1391 , 2 , 7 , 1 , 5 , 
MDP , 1 , 1 , 0.2 , 0.2 , 10 , 10 , 10000 , 3 , 0.2841 , 3 , 7 , 3 , 4 , 
MDP , 1 , 1 , 0.2 , 0.2 , 10 , 10 , 10000 , 3 , 0.7336 , 4 , 4 , 2 , 5 , 
MDP , 1 , 1 , 0.2 , 0.2 , 10 , 10 , 10000 , 3 , 0.3578 , 3 , 6 , 1 , 1 , 
MDP , 1 , 1 , 0.2 , 0.2 , 10 , 10 , 10000 , 3 , 0.0649 , 2 , 9 , 1 , 4 , 
MDP , 1 , 1 , 0.2 , 0.2 , 10 , 10 , 10000 , 3 , 0.1837 , 2 , 6 , 1 , 2 , 
MDP , 1 , 1 , 0.2 , 0.2 , 10 , 10 , 10000 , 3 , 0.2714 , 3 , 7 , 4 , 4 , 
MDP , 1 , 1 , 0.2 , 0.2 , 10 , 10 , 10000 , 3 , 0.0612 , 2 , 9 , 2 , 3 , 
MDP , 1 , 1 , 0.2 , 0.2 , 10 , 10 , 10000 , 3 , 0.1905 , 2 , 6 , 2 , 3 , 
MDP , 1 , 1 , 0.2 , 0.2 , 10 , 10 , 10000 , 3 , 0.3628 , 3 , 6 , 1 , 5 , 
MDP , 1 , 1 , 0.2 , 0.2 , 10 , 10 , 10000 , 3 , 0.487 , 2 , 3 , 1 , 3 , 
MDP , 1 , 1 , 0.2 , 0.2 , 10 , 10 , 10000 , 3 , 0.0135 , 1 , 9 , 2 , 1 , 
MDP , 1 , 1 , 0.2 , 0.2 , 10 , 10 , 10000 , 3 , 0.1244 , 2 , 7 , 1 , 3 , 
MDP , 1 , 1 , 0.2 , 0.2 , 10 , 10 , 10000 , 3 , 0.1289 , 2 , 7 , 2 , 3 , 
MDP , 1 , 1 , 0.2 , 0.2 , 10 , 10 , 10000 , 3 , 0.1468 , 3 , 9 , 1 , 3 , 
MDP , 1 , 1 , 0.2 , 0.2 , 10 , 10 , 10000 , 3 , 0.2074 , 3 , 8 , 1 , 1 , 
MDP , 1 , 1 , 0.2 , 0.2 , 10 , 10 , 10000 , 3 , 0.1361 , 2 , 7 , 1 , 5 , 
MDP , 1 , 1 , 0.2 , 0.2 , 10 , 10 , 10000 , 3 , 0.35 , 4 , 8 , 1 , 3 , 
MDP , 1 , 1 , 0.2 , 0.2 , 10 , 10 , 10000 , 3 , 0.3681 , 3 , 6 , 2 , 5 , 
MDP , 1 , 1 , 0.2 , 0.2 , 10 , 10 , 10000 , 3 , 0.193 , 2 , 6 , 1 , 5 , 
MDP , 1 , 1 , 0.2 , 0.2 , 10 , 10 , 10000 , 3 , 0.0603 , 1 , 6 , 3 , 8 , 
MDP , 1 , 1 , 0.2 , 0.2 , 10 , 10 , 10000 , 3 , 0.6878 , 5 , 6 , 2 , 3 , 
MDP , 1 , 1 , 0.2 , 0.2 , 10 , 10 , 10000 , 3 , 0.0348 , 1 , 7 , 2 , 3 , 
MDP , 1 , 1 , 0.2 , 0.2 , 10 , 10 , 10000 , 3 , 0.844 , 5 , 4 , 2 , 7 , 
MDP , 1 , 1 , 0.2 , 0.2 , 10 , 10 , 10000 , 3 , 0.2015 , 3 , 8 , 3 , 2 , 
MDP , 1 , 1 , 0.2 , 0.2 , 10 , 10 , 10000 , 3 , 0.3639 , 3 , 6 , 1 , 4 , 
MDP , 1 , 1 , 0.2 , 0.2 , 10 , 10 , 10000 , 3 , 0.09 , 2 , 8 , 2 , 2 , 
MDP , 1 , 1 , 0.2 , 0.2 , 10 , 10 , 10000 , 3 , 0.0848 , 2 , 8 , 1 , 5 , 
MDP , 1 , 1 , 0.2 , 0.2 , 10 , 10 , 10000 , 3 , 0.189 , 2 , 6 , 1 , 5 , 
MDP , 1 , 1 , 0.2 , 0.2 , 10 , 10 , 10000 , 3 , 0.0603 , 1 , 6 , 1 , 5 , 
MDP , 1 , 1 , 0.2 , 0.2 , 10 , 10 , 10000 , 3 , 0.2266 , 1 , 3 , 1 , 4 , 
MDP , 1 , 1 , 0.2 , 0.2 , 10 , 10 , 10000 , 3 , 0.1862 , 2 , 6 , 1 , 1 , 
MDP , 1 , 1 , 0.2 , 0.2 , 10 , 10 , 10000 , 3 , 0.1146 , 3 , 10 , 1 , 3 , 
MDP , 1 , 1 , 0.2 , 0.2 , 10 , 10 , 10000 , 3 , 0.3612 , 2 , 4 , 2 , 7 , 
MDP , 1 , 1 , 0.2 , 0.2 , 10 , 10 , 10000 , 3 , 0.1942 , 2 , 6 , 1 , 4 , 
MDP , 1 , 1 , 0.2 , 0.2 , 10 , 10 , 10000 , 3 , 0.1513 , 3 , 9 , 1 , 5 , 
MDP , 1 , 1 , 0.2 , 0.2 , 10 , 10 , 10000 , 3 , 0.365 , 3 , 6 , 2 , 4 , 
MDP , 1 , 1 , 0.2 , 0.2 , 10 , 10 , 10000 , 3 , 0.1317 , 2 , 7 , 2 , 5 , 
MDP , 1 , 1 , 0.2 , 0.2 , 10 , 10 , 10000 , 3 , 0.0075 , 1 , 10 , 1 , 5 , 
MDP , 1 , 1 , 0.2 , 0.2 , 10 , 10 , 10000 , 3 , 0.2644 , 2 , 5 , 2 , 6 , 
MDP , 1 , 1 , 0.2 , 0.2 , 10 , 10 , 10000 , 3 , 0.4722 , 3 , 5 , 1 , 7 , 
MDP , 1 , 1 , 0.2 , 0.2 , 10 , 10 , 10000 , 3 , 0.6443 , 4 , 5 , 1 , 7 , 
MDP , 1 , 1 , 0.2 , 0.2 , 10 , 10 , 10000 , 3 , 0.0146 , 1 , 9 , 2 , 8 , 
MDP , 1 , 1 , 0.2 , 0.2 , 10 , 10 , 10000 , 3 , 0.3574 , 3 , 6 , 1 , 2 , 
MDP , 1 , 1 , 0.2 , 0.2 , 10 , 10 , 10000 , 3 , 0.1264 , 2 , 7 , 2 , 4 , 
MDP , 1 , 1 , 0.2 , 0.2 , 10 , 10 , 10000 , 3 , 0.1441 , 1 , 4 , 2 , 4 , 
MDP , 1 , 1 , 0.2 , 0.2 , 10 , 10 , 10000 , 3 , 0.0953 , 2 , 8 , 3 , 3 , 
MDP , 1 , 1 , 0.2 , 0.2 , 10 , 10 , 10000 , 3 , 0.059 , 2 , 9 , 1 , 3 , 
MDP , 1 , 1 , 0.2 , 0.2 , 10 , 10 , 10000 , 3 , 0.027 , 2 , 11 , 2 , 2 , 
MDP , 1 , 1 , 0.2 , 0.2 , 10 , 10 , 10000 , 3 , 0.2034 , 3 , 8 , 2 , 3 , 
MDP , 1 , 1 , 0.2 , 0.2 , 10 , 10 , 10000 , 3 , 0.1311 , 2 , 7 , 1 , 1 , 
MDP , 1 , 1 , 0.2 , 0.2 , 10 , 10 , 10000 , 3 , 0.1107 , 3 , 10 , 2 , 3 , 
MDP , 1 , 1 , 0.2 , 0.2 , 10 , 10 , 10000 , 3 , 0.0565 , 1 , 6 , 1 , 6 , 
MDP , 1 , 1 , 0.2 , 0.2 , 10 , 10 , 10000 , 3 , 0.9861 , 8 , 3 , 2 , 7 , 
MDP , 1 , 1 , 0.2 , 0.2 , 10 , 10 , 10000 , 3 , 0.2078 , 3 , 8 , 3 , 5 , 
MDP , 1 , 1 , 0.2 , 0.2 , 10 , 10 , 10000 , 3 , 0.6013 , 5 , 7 , 1 , 4 , 
MDP , 1 , 1 , 0.25 , 0.25 , 10 , 10 , 10000 , 3 , 0.4642 , 3 , 5 , 3 , 3 , 
MDP , 1 , 1 , 0.25 , 0.25 , 10 , 10 , 10000 , 3 , 0.3704 , 2 , 4 , 1 , 5 , 
MDP , 1 , 1 , 0.25 , 0.25 , 10 , 10 , 10000 , 3 , 0.2079 , 3 , 8 , 1 , 5 , 
MDP , 1 , 1 , 0.25 , 0.25 , 10 , 10 , 10000 , 3 , 0.7337 , 4 , 4 , 2 , 2 , 
MDP , 1 , 1 , 0.25 , 0.25 , 10 , 10 , 10000 , 3 , 0.5319 , 4 , 6 , 2 , 3 , 
MDP , 1 , 1 , 0.25 , 0.25 , 10 , 10 , 10000 , 3 , 0.2745 , 4 , 9 , 2 , 3 , 
MDP , 1 , 1 , 0.25 , 0.25 , 10 , 10 , 10000 , 3 , 0.5422 , 4 , 6 , 1 , 6 , 
MDP , 1 , 1 , 0.25 , 0.25 , 10 , 10 , 10000 , 3 , 0.003 , 1 , 12 , 1 , 5 , 
MDP , 1 , 1 , 0.25 , 0.25 , 10 , 10 , 10000 , 3 , 0.1975 , 3 , 8 , 2 , 6 , 
MDP , 1 , 1 , 0.25 , 0.25 , 10 , 10 , 10000 , 3 , 0.5729 , 3 , 4 , 3 , 5 , 
MDP , 1 , 1 , 0.25 , 0.25 , 10 , 10 , 10000 , 3 , 0.0899 , 2 , 8 , 4 , 2 , 
MDP , 1 , 1 , 0.25 , 0.25 , 10 , 10 , 10000 , 3 , 0.3619 , 3 , 6 , 1 , 3 , 
MDP , 1 , 1 , 0.25 , 0.25 , 10 , 10 , 10000 , 3 , 0.1441 , 1 , 4 , 1 , 3 , 
MDP , 1 , 1 , 0.25 , 0.25 , 10 , 10 , 10000 , 3 , 0.0223 , 1 , 8 , 4 , 8 , 
MDP , 1 , 1 , 0.25 , 0.25 , 10 , 10 , 10000 , 3 , 0.3553 , 3 , 6 , 2 , 4 , 
MDP , 1 , 1 , 0.25 , 0.25 , 10 , 10 , 10000 , 3 , 0.437 , 4 , 7 , 2 , 3 , 
MDP , 1 , 1 , 0.25 , 0.25 , 10 , 10 , 10000 , 3 , 0.0957 , 1 , 5 , 2 , 5 , 
MDP , 1 , 1 , 0.25 , 0.25 , 10 , 10 , 10000 , 3 , 0.0599 , 2 , 9 , 1 , 2 , 
MDP , 1 , 1 , 0.25 , 0.25 , 10 , 10 , 10000 , 3 , 0.0096 , 1 , 10 , 3 , 4 , 
MDP , 1 , 1 , 0.25 , 0.25 , 10 , 10 , 10000 , 3 , 0.1832 , 2 , 6 , 3 , 6 , 
MDP , 1 , 1 , 0.25 , 0.25 , 10 , 10 , 10000 , 3 , 0.0106 , 2 , 13 , 1 , 5 , 
MDP , 1 , 1 , 0.25 , 0.25 , 10 , 10 , 10000 , 3 , 0.6443 , 4 , 5 , 2 , 5 , 
MDP , 1 , 1 , 0.25 , 0.25 , 10 , 10 , 10000 , 3 , 0.8587 , 6 , 5 , 3 , 7 , 
MDP , 1 , 1 , 0.25 , 0.25 , 10 , 10 , 10000 , 3 , 0.7255 , 4 , 4 , 1 , 5 , 
MDP , 1 , 1 , 0.25 , 0.25 , 10 , 10 , 10000 , 3 , 0.0519 , 1 , 6 , 3 , 3 , 
MDP , 1 , 1 , 0.25 , 0.25 , 10 , 10 , 10000 , 3 , 0.1277 , 2 , 7 , 4 , 3 , 
MDP , 1 , 1 , 0.25 , 0.25 , 10 , 10 , 10000 , 3 , 0.1908 , 2 , 6 , 4 , 4 , 
MDP , 1 , 1 , 0.25 , 0.25 , 10 , 10 , 10000 , 3 , 0.4654 , 3 , 5 , 1 , 1 , 
MDP , 1 , 1 , 0.25 , 0.25 , 10 , 10 , 10000 , 3 , 0.2644 , 2 , 5 , 1 , 3 , 
MDP , 1 , 1 , 0.25 , 0.25 , 10 , 10 , 10000 , 3 , 0.0899 , 2 , 8 , 1 , 1 , 
MDP , 1 , 1 , 0.25 , 0.25 , 10 , 10 , 10000 , 3 , 0.2048 , 3 , 8 , 2 , 4 , 
MDP , 1 , 1 , 0.25 , 0.25 , 10 , 10 , 10000 , 3 , 0.0861 , 2 , 8 , 2 , 3 , 
MDP , 1 , 1 , 0.25 , 0.25 , 10 , 10 , 10000 , 3 , 0.3655 , 3 , 6 , 1 , 5 , 
MDP , 1 , 1 , 0.25 , 0.25 , 10 , 10 , 10000 , 3 , 0.4504 , 3 , 5 , 1 , 2 , 
MDP , 1 , 1 , 0.25 , 0.25 , 10 , 10 , 10000 , 3 , 0.7681 , 5 , 5 , 4 , 5 , 
MDP , 1 , 1 , 0.25 , 0.25 , 10 , 10 , 10000 , 3 , 0.1969 , 2 , 6 , 1 , 2 , 
MDP , 1 , 1 , 0.25 , 0.25 , 10 , 10 , 10000 , 3 , 0.5449 , 4 , 6 , 3 , 2 , 
MDP , 1 , 1 , 0.25 , 0.25 , 10 , 10 , 10000 , 3 , 0.1817 , 2 , 6 , 2 , 4 , 
MDP , 1 , 1 , 0.25 , 0.25 , 10 , 10 , 10000 , 3 , 0.0903 , 1 , 5 , 1 , 4 , 
MDP , 1 , 1 , 0.25 , 0.25 , 10 , 10 , 10000 , 3 , 0.0235 , 1 , 8 , 1 , 5 , 
MDP , 1 , 1 , 0.25 , 0.25 , 10 , 10 , 10000 , 3 , 0.7359 , 4 , 4 , 2 , 5 , 
MDP , 1 , 1 , 0.25 , 0.25 , 10 , 10 , 10000 , 3 , 0.2316 , 1 , 3 , 2 , 8 , 
MDP , 1 , 1 , 0.25 , 0.25 , 10 , 10 , 10000 , 3 , 0.2037 , 3 , 8 , 3 , 3 , 
MDP , 1 , 1 , 0.25 , 0.25 , 10 , 10 , 10000 , 3 , 0.4394 , 4 , 7 , 1 , 7 , 
MDP , 1 , 1 , 0.25 , 0.25 , 10 , 10 , 10000 , 3 , 0.9103 , 6 , 4 , 2 , 2 , 
MDP , 1 , 1 , 0.25 , 0.25 , 10 , 10 , 10000 , 3 , 0.1278 , 2 , 7 , 1 , 3 , 
MDP , 1 , 1 , 0.25 , 0.25 , 10 , 10 , 10000 , 3 , 0.5803 , 3 , 4 , 1 , 7 , 
MDP , 1 , 1 , 0.25 , 0.25 , 10 , 10 , 10000 , 3 , 0.6439 , 4 , 5 , 1 , 4 , 
MDP , 1 , 1 , 0.25 , 0.25 , 10 , 10 , 10000 , 3 , 0.6434 , 4 , 5 , 2 , 3 , 
MDP , 1 , 1 , 0.25 , 0.25 , 10 , 10 , 10000 , 3 , 0.1295 , 2 , 7 , 2 , 2 , 
MDP , 1 , 1 , 0.25 , 0.25 , 10 , 10 , 10000 , 3 , 0.4355 , 4 , 7 , 3 , 4 , 
MDP , 1 , 1 , 0.25 , 0.25 , 10 , 10 , 10000 , 3 , 0.2099 , 4 , 10 , 1 , 3 , 
MDP , 1 , 1 , 0.25 , 0.25 , 10 , 10 , 10000 , 3 , 0.0896 , 1 , 5 , 2 , 5 , 
MDP , 1 , 1 , 0.25 , 0.25 , 10 , 10 , 10000 , 3 , 0.1508 , 3 , 9 , 1 , 3 , 
MDP , 1 , 1 , 0.25 , 0.25 , 10 , 10 , 10000 , 3 , 0.3743 , 2 , 4 , 1 , 2 , 
MDP , 1 , 1 , 0.25 , 0.25 , 10 , 10 , 10000 , 3 , 0.3597 , 3 , 6 , 2 , 2 , 
MDP , 1 , 1 , 0.25 , 0.25 , 10 , 10 , 10000 , 3 , 0.3454 , 4 , 8 , 1 , 2 , 
MDP , 1 , 1 , 0.25 , 0.25 , 10 , 10 , 10000 , 3 , 0.0889 , 1 , 5 , 4 , 5 , 
MDP , 1 , 1 , 0.25 , 0.25 , 10 , 10 , 10000 , 3 , 0.7791 , 5 , 5 , 3 , 2 , 
MDP , 1 , 1 , 0.25 , 0.25 , 10 , 10 , 10000 , 3 , 0.2781 , 3 , 7 , 1 , 4 , 
MDP , 1 , 1 , 0.25 , 0.25 , 10 , 10 , 10000 , 3 , 0.0629 , 2 , 9 , 1 , 1 , 
MDP , 1 , 1 , 0.25 , 0.25 , 10 , 10 , 10000 , 3 , 0.152 , 3 , 9 , 2 , 2 , 
MDP , 1 , 1 , 0.25 , 0.25 , 10 , 10 , 10000 , 3 , 0.635 , 4 , 5 , 2 , 6 , 
MDP , 1 , 1 , 0.25 , 0.25 , 10 , 10 , 10000 , 3 , 0.7491 , 7 , 8 , 2 , 5 , 
MDP , 1 , 1 , 0.25 , 0.25 , 10 , 10 , 10000 , 3 , 0.0608 , 1 , 6 , 2 , 2 , 
MDP , 1 , 1 , 0.25 , 0.25 , 10 , 10 , 10000 , 3 , 0.0898 , 2 , 8 , 2 , 3 , 
MDP , 1 , 1 , 0.25 , 0.25 , 10 , 10 , 10000 , 3 , 0.0651 , 2 , 9 , 1 , 3 , 
MDP , 1 , 1 , 0.25 , 0.25 , 10 , 10 , 10000 , 3 , 0.4907 , 2 , 3 , 3 , 12 , 
MDP , 1 , 1 , 0.25 , 0.25 , 10 , 10 , 10000 , 3 , 0.2708 , 3 , 7 , 1 , 4 , 
MDP , 1 , 1 , 0.25 , 0.25 , 10 , 10 , 10000 , 3 , 0.3597 , 3 , 6 , 2 , 7 , 
MDP , 1 , 1 , 0.25 , 0.25 , 10 , 10 , 10000 , 3 , 0.089 , 2 , 8 , 2 , 5 , 
MDP , 1 , 1 , 0.25 , 0.25 , 10 , 10 , 10000 , 3 , 0.2566 , 2 , 5 , 4 , 8 , 
MDP , 1 , 1 , 0.25 , 0.25 , 10 , 10 , 10000 , 3 , 0.1301 , 2 , 7 , 2 , 4 , 
MDP , 1 , 1 , 0.25 , 0.25 , 10 , 10 , 10000 , 3 , 0.213 , 3 , 8 , 1 , 1 , 
MDP , 1 , 1 , 0.25 , 0.25 , 10 , 10 , 10000 , 3 , 0.2251 , 1 , 3 , 2 , 6 , 
MDP , 1 , 1 , 0.25 , 0.25 , 10 , 10 , 10000 , 3 , 0.3592 , 3 , 6 , 3 , 9 , 
MDP , 1 , 1 , 0.25 , 0.25 , 10 , 10 , 10000 , 3 , 0.0929 , 2 , 8 , 1 , 2 , 
MDP , 1 , 1 , 0.25 , 0.25 , 10 , 10 , 10000 , 3 , 0.1077 , 3 , 10 , 1 , 6 , 
MDP , 1 , 1 , 0.25 , 0.25 , 10 , 10 , 10000 , 3 , 0.0311 , 2 , 11 , 2 , 4 , 
MDP , 1 , 1 , 0.25 , 0.25 , 10 , 10 , 10000 , 3 , 0.2566 , 2 , 5 , 3 , 3 , 
MDP , 1 , 1 , 0.25 , 0.25 , 10 , 10 , 10000 , 3 , 0.5377 , 4 , 6 , 3 , 3 , 
MDP , 1 , 1 , 0.25 , 0.25 , 10 , 10 , 10000 , 3 , 0.6943 , 3 , 3 , 1 , 1 , 
MDP , 1 , 1 , 0.25 , 0.25 , 10 , 10 , 10000 , 3 , 0.1454 , 1 , 4 , 3 , 4 , 
MDP , 1 , 1 , 0.25 , 0.25 , 10 , 10 , 10000 , 3 , 0.2701 , 3 , 7 , 1 , 3 , 
MDP , 1 , 1 , 0.25 , 0.25 , 10 , 10 , 10000 , 3 , 0.1239 , 2 , 7 , 2 , 5 , 
MDP , 1 , 1 , 0.25 , 0.25 , 10 , 10 , 10000 , 3 , 0.054 , 1 , 6 , 2 , 1 , 
MDP , 1 , 1 , 0.25 , 0.25 , 10 , 10 , 10000 , 3 , 0.5751 , 3 , 4 , 1 , 7 , 
MDP , 1 , 1 , 0.25 , 0.25 , 10 , 10 , 10000 , 3 , 0.4572 , 3 , 5 , 1 , 3 , 
MDP , 1 , 1 , 0.25 , 0.25 , 10 , 10 , 10000 , 3 , 0.7363 , 4 , 4 , 4 , 5 , 
MDP , 1 , 1 , 0.25 , 0.25 , 10 , 10 , 10000 , 3 , 0.2036 , 3 , 8 , 2 , 3 , 
MDP , 1 , 1 , 0.25 , 0.25 , 10 , 10 , 10000 , 3 , 0.1893 , 2 , 6 , 4 , 7 , 
MDP , 1 , 1 , 0.25 , 0.25 , 10 , 10 , 10000 , 3 , 0.0853 , 1 , 5 , 1 , 7 , 
MDP , 1 , 1 , 0.25 , 0.25 , 10 , 10 , 10000 , 3 , 0.6358 , 4 , 5 , 4 , 5 , 
MDP , 1 , 1 , 0.25 , 0.25 , 10 , 10 , 10000 , 3 , 0.0886 , 2 , 8 , 1 , 2 , 
MDP , 1 , 1 , 0.25 , 0.25 , 10 , 10 , 10000 , 3 , 0.5389 , 4 , 6 , 3 , 5 , 
MDP , 1 , 1 , 0.25 , 0.25 , 10 , 10 , 10000 , 3 , 0.0884 , 1 , 5 , 2 , 3 , 
MDP , 1 , 1 , 0.25 , 0.25 , 10 , 10 , 10000 , 3 , 0.3613 , 3 , 6 , 1 , 3 , 
MDP , 1 , 1 , 0.25 , 0.25 , 10 , 10 , 10000 , 3 , 0.2033 , 3 , 8 , 4 , 5 , 
MDP , 1 , 1 , 0.25 , 0.25 , 10 , 10 , 10000 , 3 , 0.3523 , 4 , 8 , 1 , 2 , 
MDP , 1 , 1 , 0.25 , 0.25 , 10 , 10 , 10000 , 3 , 0.5389 , 4 , 6 , 2 , 4 , 
MDP , 1 , 1 , 0.3 , 0.3 , 10 , 10 , 10000 , 3 , 0.4642 , 3 , 5 , 3 , 3 , 
MDP , 1 , 1 , 0.3 , 0.3 , 10 , 10 , 10000 , 3 , 0.3704 , 2 , 4 , 1 , 5 , 
MDP , 1 , 1 , 0.3 , 0.3 , 10 , 10 , 10000 , 3 , 0.2755 , 4 , 9 , 1 , 4 , 
MDP , 1 , 1 , 0.3 , 0.3 , 10 , 10 , 10000 , 3 , 0.4452 , 4 , 7 , 2 , 4 , 
MDP , 1 , 1 , 0.3 , 0.3 , 10 , 10 , 10000 , 3 , 0.0208 , 1 , 8 , 4 , 5 , 
MDP , 1 , 1 , 0.3 , 0.3 , 10 , 10 , 10000 , 3 , 0.0141 , 2 , 13 , 2 , 3 , 
MDP , 1 , 1 , 0.3 , 0.3 , 10 , 10 , 10000 , 3 , 0.0887 , 1 , 5 , 6 , 3 , 
MDP , 1 , 1 , 0.3 , 0.3 , 10 , 10 , 10000 , 3 , 0.987 , 6 , 1 , 2 , 6 , 
MDP , 1 , 1 , 0.3 , 0.3 , 10 , 10 , 10000 , 3 , 0.859 , 6 , 5 , 1 , 3 , 
MDP , 1 , 1 , 0.3 , 0.3 , 10 , 10 , 10000 , 3 , 0.3676 , 2 , 4 , 1 , 4 , 
MDP , 1 , 1 , 0.3 , 0.3 , 10 , 10 , 10000 , 3 , 0.5377 , 4 , 6 , 2 , 2 , 
MDP , 1 , 1 , 0.3 , 0.3 , 10 , 10 , 10000 , 3 , 0.8011 , 6 , 6 , 2 , 1 , 
MDP , 1 , 1 , 0.3 , 0.3 , 10 , 10 , 10000 , 3 , 0.3597 , 3 , 6 , 1 , 2 , 
MDP , 1 , 1 , 0.3 , 0.3 , 10 , 10 , 10000 , 3 , 0.0138 , 1 , 9 , 2 , 3 , 
MDP , 1 , 1 , 0.3 , 0.3 , 10 , 10 , 10000 , 3 , 0.1885 , 2 , 6 , 3 , 3 , 
MDP , 1 , 1 , 0.3 , 0.3 , 10 , 10 , 10000 , 3 , 0.7374 , 4 , 4 , 1 , 4 , 
MDP , 1 , 1 , 0.3 , 0.3 , 10 , 10 , 10000 , 3 , 0.9136 , 6 , 4 , 3 , 3 , 
MDP , 1 , 1 , 0.3 , 0.3 , 10 , 10 , 10000 , 3 , 0.2763 , 3 , 7 , 1 , 5 , 
MDP , 1 , 1 , 0.3 , 0.3 , 10 , 10 , 10000 , 3 , 0.9264 , 8 , 6 , 1 , 4 , 
MDP , 1 , 1 , 0.3 , 0.3 , 10 , 10 , 10000 , 3 , 0.0349 , 1 , 7 , 1 , 5 , 
MDP , 1 , 1 , 0.3 , 0.3 , 10 , 10 , 10000 , 3 , 0.1295 , 2 , 7 , 2 , 3 , 
MDP , 1 , 1 , 0.3 , 0.3 , 10 , 10 , 10000 , 3 , 0.1459 , 1 , 4 , 1 , 4 , 
MDP , 1 , 1 , 0.3 , 0.3 , 10 , 10 , 10000 , 3 , 0.0086 , 1 , 10 , 1 , 6 , 
MDP , 1 , 1 , 0.3 , 0.3 , 10 , 10 , 10000 , 3 , 0.2584 , 2 , 5 , 2 , 2 , 
MDP , 1 , 1 , 0.3 , 0.3 , 10 , 10 , 10000 , 3 , 0.3372 , 5 , 10 , 2 , 3 , 
MDP , 1 , 1 , 0.3 , 0.3 , 10 , 10 , 10000 , 3 , 0.5811 , 3 , 4 , 3 , 3 , 
MDP , 1 , 1 , 0.3 , 0.3 , 10 , 10 , 10000 , 3 , 0.5861 , 3 , 4 , 9 , 5 , 
MDP , 1 , 1 , 0.3 , 0.3 , 10 , 10 , 10000 , 3 , 0.0578 , 2 , 9 , 2 , 3 , 
MDP , 1 , 1 , 0.3 , 0.3 , 10 , 10 , 10000 , 3 , 0.1137 , 3 , 10 , 2 , 3 , 
MDP , 1 , 1 , 0.3 , 0.3 , 10 , 10 , 10000 , 3 , 0.0221 , 1 , 8 , 3 , 1 , 
MDP , 1 , 1 , 0.3 , 0.3 , 10 , 10 , 10000 , 3 , 0.9469 , 6 , 3 , 2 , 8 , 
MDP , 1 , 1 , 0.3 , 0.3 , 10 , 10 , 10000 , 3 , 0.46 , 3 , 5 , 2 , 4 , 
MDP , 1 , 1 , 0.3 , 0.3 , 10 , 10 , 10000 , 3 , 0.5789 , 3 , 4 , 2 , 4 , 
MDP , 1 , 1 , 0.3 , 0.3 , 10 , 10 , 10000 , 3 , 0.3554 , 3 , 6 , 1 , 2 , 
MDP , 1 , 1 , 0.3 , 0.3 , 10 , 10 , 10000 , 3 , 0.2744 , 2 , 5 , 2 , 5 , 
MDP , 1 , 1 , 0.3 , 0.3 , 10 , 10 , 10000 , 3 , 0.1865 , 2 , 6 , 2 , 4 , 
MDP , 1 , 1 , 0.3 , 0.3 , 10 , 10 , 10000 , 3 , 0.7407 , 4 , 4 , 2 , 4 , 
MDP , 1 , 1 , 0.3 , 0.3 , 10 , 10 , 10000 , 3 , 0.0214 , 1 , 8 , 2 , 4 , 
MDP , 1 , 1 , 0.3 , 0.3 , 10 , 10 , 10000 , 3 , 0.4566 , 3 , 5 , 1 , 4 , 
MDP , 1 , 1 , 0.3 , 0.3 , 10 , 10 , 10000 , 3 , 0.595 , 5 , 7 , 1 , 2 , 
MDP , 1 , 1 , 0.3 , 0.3 , 10 , 10 , 10000 , 3 , 0.2766 , 3 , 7 , 4 , 5 , 
MDP , 1 , 1 , 0.3 , 0.3 , 10 , 10 , 10000 , 3 , 0.1258 , 2 , 7 , 2 , 5 , 
MDP , 1 , 1 , 0.3 , 0.3 , 10 , 10 , 10000 , 3 , 0.5391 , 4 , 6 , 1 , 5 , 
MDP , 1 , 1 , 0.3 , 0.3 , 10 , 10 , 10000 , 3 , 0.4364 , 4 , 7 , 2 , 6 , 
MDP , 1 , 1 , 0.3 , 0.3 , 10 , 10 , 10000 , 3 , 0.7592 , 7 , 8 , 2 , 3 , 
MDP , 1 , 1 , 0.3 , 0.3 , 10 , 10 , 10000 , 3 , 0.3454 , 4 , 8 , 2 , 1 , 
MDP , 1 , 1 , 0.3 , 0.3 , 10 , 10 , 10000 , 3 , 0.4657 , 3 , 5 , 2 , 4 , 
MDP , 1 , 1 , 0.3 , 0.3 , 10 , 10 , 10000 , 3 , 0.8475 , 5 , 4 , 4 , 3 , 
MDP , 1 , 1 , 0.3 , 0.3 , 10 , 10 , 10000 , 3 , 0.1881 , 2 , 6 , 2 , 2 , 
MDP , 1 , 1 , 0.3 , 0.3 , 10 , 10 , 10000 , 3 , 0.8398 , 8 , 8 , 2 , 2 , 
MDP , 1 , 1 , 0.3 , 0.3 , 10 , 10 , 10000 , 3 , 0.1885 , 2 , 6 , 3 , 5 , 
MDP , 1 , 1 , 0.3 , 0.3 , 10 , 10 , 10000 , 3 , 0.2078 , 3 , 8 , 1 , 3 , 
MDP , 1 , 1 , 0.3 , 0.3 , 10 , 10 , 10000 , 3 , 0.7737 , 5 , 5 , 2 , 2 , 
MDP , 1 , 1 , 0.3 , 0.3 , 10 , 10 , 10000 , 3 , 0.6366 , 4 , 5 , 2 , 3 , 
MDP , 1 , 1 , 0.3 , 0.3 , 10 , 10 , 10000 , 3 , 0.0231 , 1 , 8 , 2 , 4 , 
MDP , 1 , 1 , 0.3 , 0.3 , 10 , 10 , 10000 , 3 , 0.0437 , 2 , 10 , 2 , 4 , 
MDP , 1 , 1 , 0.3 , 0.3 , 10 , 10 , 10000 , 3 , 0.551 , 6 , 9 , 3 , 4 , 
MDP , 1 , 1 , 0.3 , 0.3 , 10 , 10 , 10000 , 3 , 0.5402 , 4 , 6 , 2 , 3 , 
MDP , 1 , 1 , 0.3 , 0.3 , 10 , 10 , 10000 , 3 , 0.4596 , 3 , 5 , 3 , 3 , 
MDP , 1 , 1 , 0.3 , 0.3 , 10 , 10 , 10000 , 3 , 0.2651 , 2 , 5 , 1 , 4 , 
MDP , 1 , 1 , 0.3 , 0.3 , 10 , 10 , 10000 , 3 , 0.1115 , 3 , 10 , 2 , 4 , 
MDP , 1 , 1 , 0.3 , 0.3 , 10 , 10 , 10000 , 3 , 0.3622 , 3 , 6 , 3 , 3 , 
MDP , 1 , 1 , 0.3 , 0.3 , 10 , 10 , 10000 , 3 , 0.1052 , 3 , 10 , 3 , 2 , 
MDP , 1 , 1 , 0.3 , 0.3 , 10 , 10 , 10000 , 3 , 0.8681 , 6 , 5 , 8 , 4 , 
MDP , 1 , 1 , 0.3 , 0.3 , 10 , 10 , 10000 , 3 , 0.3682 , 3 , 6 , 2 , 3 , 
MDP , 1 , 1 , 0.3 , 0.3 , 10 , 10 , 10000 , 3 , 0.155 , 3 , 9 , 2 , 2 , 
MDP , 1 , 1 , 0.3 , 0.3 , 10 , 10 , 10000 , 3 , 0.4535 , 3 , 5 , 4 , 8 , 
MDP , 1 , 1 , 0.3 , 0.3 , 10 , 10 , 10000 , 3 , 0.6867 , 5 , 6 , 1 , 4 , 
MDP , 1 , 1 , 0.3 , 0.3 , 10 , 10 , 10000 , 3 , 0.054 , 1 , 6 , 2 , 5 , 
MDP , 1 , 1 , 0.3 , 0.3 , 10 , 10 , 10000 , 3 , 0.0921 , 2 , 8 , 3 , 4 , 
MDP , 1 , 1 , 0.3 , 0.3 , 10 , 10 , 10000 , 3 , 0.5776 , 3 , 4 , 5 , 5 , 
MDP , 1 , 1 , 0.3 , 0.3 , 10 , 10 , 10000 , 3 , 0.2774 , 3 , 7 , 2 , 5 , 
MDP , 1 , 1 , 0.3 , 0.3 , 10 , 10 , 10000 , 3 , 0.5754 , 3 , 4 , 3 , 5 , 
MDP , 1 , 1 , 0.3 , 0.3 , 10 , 10 , 10000 , 3 , 0.3608 , 3 , 6 , 2 , 3 , 
MDP , 1 , 1 , 0.3 , 0.3 , 10 , 10 , 10000 , 3 , 0.19 , 2 , 6 , 2 , 5 , 
MDP , 1 , 1 , 0.3 , 0.3 , 10 , 10 , 10000 , 3 , 0.1861 , 2 , 6 , 2 , 4 , 
MDP , 1 , 1 , 0.3 , 0.3 , 10 , 10 , 10000 , 3 , 0.4376 , 4 , 7 , 1 , 3 , 
MDP , 1 , 1 , 0.3 , 0.3 , 10 , 10 , 10000 , 3 , 0.0332 , 1 , 7 , 1 , 4 , 
MDP , 1 , 1 , 0.3 , 0.3 , 10 , 10 , 10000 , 3 , 0.1882 , 2 , 6 , 1 , 3 , 
MDP , 1 , 1 , 0.3 , 0.3 , 10 , 10 , 10000 , 3 , 0.6028 , 5 , 7 , 1 , 5 , 
MDP , 1 , 1 , 0.3 , 0.3 , 10 , 10 , 10000 , 3 , 0.4505 , 4 , 7 , 1 , 3 , 
MDP , 1 , 1 , 0.3 , 0.3 , 10 , 10 , 10000 , 3 , 0.0121 , 1 , 9 , 1 , 2 , 
MDP , 1 , 1 , 0.3 , 0.3 , 10 , 10 , 10000 , 3 , 0.1276 , 2 , 7 , 3 , 4 , 
MDP , 1 , 1 , 0.3 , 0.3 , 10 , 10 , 10000 , 3 , 0.6476 , 4 , 5 , 2 , 2 , 
MDP , 1 , 1 , 0.3 , 0.3 , 10 , 10 , 10000 , 3 , 0.1871 , 2 , 6 , 3 , 3 , 
MDP , 1 , 1 , 0.3 , 0.3 , 10 , 10 , 10000 , 3 , 0.8465 , 5 , 4 , 4 , 7 , 
MDP , 1 , 1 , 0.3 , 0.3 , 10 , 10 , 10000 , 3 , 0.4666 , 3 , 5 , 2 , 2 , 
MDP , 1 , 1 , 0.3 , 0.3 , 10 , 10 , 10000 , 3 , 0.3545 , 3 , 6 , 2 , 3 , 
MDP , 1 , 1 , 0.3 , 0.3 , 10 , 10 , 10000 , 3 , 0.7575 , 7 , 8 , 1 , 3 , 
MDP , 1 , 1 , 0.3 , 0.3 , 10 , 10 , 10000 , 3 , 0.214 , 4 , 10 , 3 , 4 , 
MDP , 1 , 1 , 0.3 , 0.3 , 10 , 10 , 10000 , 3 , 0.5901 , 5 , 7 , 1 , 1 , 
MDP , 1 , 1 , 0.3 , 0.3 , 10 , 10 , 10000 , 3 , 0.4888 , 2 , 3 , 2 , 2 , 
MDP , 1 , 1 , 0.3 , 0.3 , 10 , 10 , 10000 , 3 , 0.0438 , 2 , 10 , 3 , 3 , 
MDP , 1 , 1 , 0.3 , 0.3 , 10 , 10 , 10000 , 3 , 0.1864 , 2 , 6 , 1 , 6 , 
MDP , 1 , 1 , 0.3 , 0.3 , 10 , 10 , 10000 , 3 , 0.0856 , 2 , 8 , 3 , 3 , 
MDP , 1 , 1 , 0.3 , 0.3 , 10 , 10 , 10000 , 3 , 0.0881 , 2 , 8 , 5 , 6 , 
MDP , 1 , 1 , 0.3 , 0.3 , 10 , 10 , 10000 , 3 , 0.0906 , 2 , 8 , 1 , 5 , 
MDP , 1 , 1 , 0.3 , 0.3 , 10 , 10 , 10000 , 3 , 0.0893 , 2 , 8 , 2 , 4 , 
MDP , 1 , 1 , 0.3 , 0.3 , 10 , 10 , 10000 , 3 , 0.6914 , 3 , 3 , 6 , 6 , 
MDP , 1 , 1 , 0.3 , 0.3 , 10 , 10 , 10000 , 3 , 0.4693 , 3 , 5 , 6 , 8 , 
MDP , 1 , 1 , 0.35 , 0.35 , 10 , 10 , 10000 , 3 , 0.0043 , 1 , 12 , 3 , 6 , 
MDP , 1 , 1 , 0.35 , 0.35 , 10 , 10 , 10000 , 3 , 0.3624 , 3 , 6 , 1 , 3 , 
MDP , 1 , 1 , 0.35 , 0.35 , 10 , 10 , 10000 , 3 , 0.6948 , 5 , 6 , 1 , 4 , 
MDP , 1 , 1 , 0.35 , 0.35 , 10 , 10 , 10000 , 3 , 0.9489 , 6 , 3 , 3 , 5 , 
MDP , 1 , 1 , 0.35 , 0.35 , 10 , 10 , 10000 , 3 , 0.37 , 2 , 4 , 1 , 2 , 
MDP , 1 , 1 , 0.35 , 0.35 , 10 , 10 , 10000 , 3 , 0.5828 , 3 , 4 , 6 , 3 , 
MDP , 1 , 1 , 0.35 , 0.35 , 10 , 10 , 10000 , 3 , 0.5388 , 4 , 6 , 1 , 3 , 
MDP , 1 , 1 , 0.35 , 0.35 , 10 , 10 , 10000 , 3 , 0.4579 , 3 , 5 , 4 , 4 , 
MDP , 1 , 1 , 0.35 , 0.35 , 10 , 10 , 10000 , 3 , 0.5955 , 5 , 7 , 3 , 1 , 
MDP , 1 , 1 , 0.35 , 0.35 , 10 , 10 , 10000 , 3 , 0.9089 , 5 , 3 , 1 , 6 , 
MDP , 1 , 1 , 0.35 , 0.35 , 10 , 10 , 10000 , 3 , 0.352 , 4 , 8 , 2 , 5 , 
MDP , 1 , 1 , 0.35 , 0.35 , 10 , 10 , 10000 , 3 , 0.5969 , 5 , 7 , 4 , 5 , 
MDP , 1 , 1 , 0.35 , 0.35 , 10 , 10 , 10000 , 3 , 0.5723 , 3 , 4 , 4 , 4 , 
MDP , 1 , 1 , 0.35 , 0.35 , 10 , 10 , 10000 , 3 , 0.4643 , 3 , 5 , 2 , 3 , 
MDP , 1 , 1 , 0.35 , 0.35 , 10 , 10 , 10000 , 3 , 0.5833 , 3 , 4 , 2 , 4 , 
MDP , 1 , 1 , 0.35 , 0.35 , 10 , 10 , 10000 , 3 , 0.8503 , 5 , 4 , 2 , 6 , 
MDP , 1 , 1 , 0.35 , 0.35 , 10 , 10 , 10000 , 3 , 0.2711 , 2 , 5 , 3 , 3 , 
MDP , 1 , 1 , 0.35 , 0.35 , 10 , 10 , 10000 , 3 , 0.0542 , 1 , 6 , 4 , 5 , 
MDP , 1 , 1 , 0.35 , 0.35 , 10 , 10 , 10000 , 3 , 0.272 , 3 , 7 , 2 , 3 , 
MDP , 1 , 1 , 0.35 , 0.35 , 10 , 10 , 10000 , 3 , 0.8231 , 7 , 7 , 2 , 4 , 
MDP , 1 , 1 , 0.35 , 0.35 , 10 , 10 , 10000 , 3 , 0.4368 , 4 , 7 , 3 , 5 , 
MDP , 1 , 1 , 0.35 , 0.35 , 10 , 10 , 10000 , 3 , 0.3617 , 3 , 6 , 3 , 1 , 
MDP , 1 , 1 , 0.35 , 0.35 , 10 , 10 , 10000 , 3 , 0.2685 , 3 , 7 , 2 , 4 , 
MDP , 1 , 1 , 0.35 , 0.35 , 10 , 10 , 10000 , 3 , 0.9122 , 6 , 4 , 1 , 6 , 
MDP , 1 , 1 , 0.35 , 0.35 , 10 , 10 , 10000 , 3 , 0.3609 , 3 , 6 , 2 , 4 , 
MDP , 1 , 1 , 0.35 , 0.35 , 10 , 10 , 10000 , 3 , 0.7691 , 5 , 5 , 3 , 1 , 
MDP , 1 , 1 , 0.35 , 0.35 , 10 , 10 , 10000 , 3 , 0.3586 , 3 , 6 , 3 , 4 , 
MDP , 1 , 1 , 0.35 , 0.35 , 10 , 10 , 10000 , 3 , 0.8014 , 3 , 2 , 1 , 1 , 
MDP , 1 , 1 , 0.35 , 0.35 , 10 , 10 , 10000 , 3 , 0.2713 , 3 , 7 , 2 , 4 , 
MDP , 1 , 1 , 0.35 , 0.35 , 10 , 10 , 10000 , 3 , 0.2054 , 3 , 8 , 2 , 3 , 
MDP , 1 , 1 , 0.35 , 0.35 , 10 , 10 , 10000 , 3 , 0.8984 , 4 , 2 , 2 , 2 , 
MDP , 1 , 1 , 0.35 , 0.35 , 10 , 10 , 10000 , 3 , 0.5429 , 4 , 6 , 1 , 1 , 
MDP , 1 , 1 , 0.35 , 0.35 , 10 , 10 , 10000 , 3 , 0.7947 , 6 , 6 , 2 , 2 , 
MDP , 1 , 1 , 0.35 , 0.35 , 10 , 10 , 10000 , 3 , 0.6379 , 4 , 5 , 3 , 3 , 
MDP , 1 , 1 , 0.35 , 0.35 , 10 , 10 , 10000 , 3 , 0.0591 , 1 , 6 , 4 , 4 , 
MDP , 1 , 1 , 0.35 , 0.35 , 10 , 10 , 10000 , 3 , 0.4626 , 3 , 5 , 5 , 3 , 
MDP , 1 , 1 , 0.35 , 0.35 , 10 , 10 , 10000 , 3 , 0.8689 , 6 , 5 , 3 , 3 , 
MDP , 1 , 1 , 0.35 , 0.35 , 10 , 10 , 10000 , 3 , 0.7793 , 5 , 5 , 3 , 1 , 
MDP , 1 , 1 , 0.35 , 0.35 , 10 , 10 , 10000 , 3 , 0.179 , 2 , 6 , 2 , 2 , 
MDP , 1 , 1 , 0.35 , 0.35 , 10 , 10 , 10000 , 3 , 0.372 , 2 , 4 , 1 , 3 , 
MDP , 1 , 1 , 0.35 , 0.35 , 10 , 10 , 10000 , 3 , 0.2635 , 2 , 5 , 8 , 4 , 
MDP , 1 , 1 , 0.35 , 0.35 , 10 , 10 , 10000 , 3 , 0.7296 , 6 , 7 , 2 , 3 , 
MDP , 1 , 1 , 0.35 , 0.35 , 10 , 10 , 10000 , 3 , 0.1313 , 2 , 7 , 1 , 3 , 
MDP , 1 , 1 , 0.35 , 0.35 , 10 , 10 , 10000 , 3 , 0.7395 , 4 , 4 , 2 , 4 , 
MDP , 1 , 1 , 0.35 , 0.35 , 10 , 10 , 10000 , 3 , 0.4596 , 3 , 5 , 1 , 4 , 
MDP , 1 , 1 , 0.35 , 0.35 , 10 , 10 , 10000 , 3 , 0.7567 , 7 , 8 , 2 , 3 , 
MDP , 1 , 1 , 0.35 , 0.35 , 10 , 10 , 10000 , 3 , 0.8736 , 7 , 6 , 2 , 4 , 
MDP , 1 , 1 , 0.35 , 0.35 , 10 , 10 , 10000 , 3 , 0.913 , 6 , 4 , 1 , 3 , 
MDP , 1 , 1 , 0.35 , 0.35 , 10 , 10 , 10000 , 3 , 0.7599 , 7 , 8 , 1 , 2 , 
MDP , 1 , 1 , 0.35 , 0.35 , 10 , 10 , 10000 , 3 , 0.4648 , 3 , 5 , 1 , 5 , 
MDP , 1 , 1 , 0.35 , 0.35 , 10 , 10 , 10000 , 3 , 0.2063 , 3 , 8 , 2 , 2 , 
MDP , 1 , 1 , 0.35 , 0.35 , 10 , 10 , 10000 , 3 , 0.3562 , 3 , 6 , 3 , 6 , 
MDP , 1 , 1 , 0.35 , 0.35 , 10 , 10 , 10000 , 3 , 0.3588 , 3 , 6 , 1 , 2 , 
MDP , 1 , 1 , 0.35 , 0.35 , 10 , 10 , 10000 , 3 , 0.2056 , 3 , 8 , 3 , 3 , 
MDP , 1 , 1 , 0.35 , 0.35 , 10 , 10 , 10000 , 3 , 0.4393 , 4 , 7 , 1 , 5 , 
MDP , 1 , 1 , 0.35 , 0.35 , 10 , 10 , 10000 , 3 , 0.2537 , 2 , 5 , 2 , 5 , 
MDP , 1 , 1 , 0.35 , 0.35 , 10 , 10 , 10000 , 3 , 0.9561 , 7 , 4 , 1 , 3 , 
MDP , 1 , 1 , 0.35 , 0.35 , 10 , 10 , 10000 , 3 , 0.9379 , 9 , 7 , 1 , 4 , 
MDP , 1 , 1 , 0.35 , 0.35 , 10 , 10 , 10000 , 3 , 0.5875 , 3 , 4 , 1 , 1 , 
MDP , 1 , 1 , 0.35 , 0.35 , 10 , 10 , 10000 , 3 , 0.2594 , 2 , 5 , 1 , 1 , 
MDP , 1 , 1 , 0.35 , 0.35 , 10 , 10 , 10000 , 3 , 0.8537 , 9 , 9 , 4 , 3 , 
MDP , 1 , 1 , 0.35 , 0.35 , 10 , 10 , 10000 , 3 , 0.8624 , 6 , 5 , 3 , 2 , 
MDP , 1 , 1 , 0.35 , 0.35 , 10 , 10 , 10000 , 3 , 0.8467 , 5 , 4 , 3 , 5 , 
MDP , 1 , 1 , 0.35 , 0.35 , 10 , 10 , 10000 , 3 , 0.5982 , 5 , 7 , 2 , 2 , 
MDP , 1 , 1 , 0.35 , 0.35 , 10 , 10 , 10000 , 3 , 0.2826 , 3 , 7 , 1 , 5 , 
MDP , 1 , 1 , 0.35 , 0.35 , 10 , 10 , 10000 , 3 , 0.9451 , 5 , 2 , 6 , 2 , 
MDP , 1 , 1 , 0.35 , 0.35 , 10 , 10 , 10000 , 3 , 0.3679 , 2 , 4 , 2 , 7 , 
MDP , 1 , 1 , 0.35 , 0.35 , 10 , 10 , 10000 , 3 , 0.4126 , 5 , 9 , 2 , 5 , 
MDP , 1 , 1 , 0.35 , 0.35 , 10 , 10 , 10000 , 3 , 0.4651 , 3 , 5 , 1 , 2 , 
MDP , 1 , 1 , 0.35 , 0.35 , 10 , 10 , 10000 , 3 , 0.3646 , 2 , 4 , 2 , 1 , 
MDP , 1 , 1 , 0.35 , 0.35 , 10 , 10 , 10000 , 3 , 0.0204 , 1 , 8 , 1 , 3 , 
MDP , 1 , 1 , 0.35 , 0.35 , 10 , 10 , 10000 , 3 , 0.1278 , 2 , 7 , 3 , 3 , 
MDP , 1 , 1 , 0.35 , 0.35 , 10 , 10 , 10000 , 3 , 0.0601 , 1 , 6 , 2 , 7 , 
MDP , 1 , 1 , 0.35 , 0.35 , 10 , 10 , 10000 , 3 , 0.7425 , 4 , 4 , 2 , 3 , 
MDP , 1 , 1 , 0.35 , 0.35 , 10 , 10 , 10000 , 3 , 0.0188 , 2 , 12 , 3 , 4 , 
MDP , 1 , 1 , 0.35 , 0.35 , 10 , 10 , 10000 , 3 , 0.0907 , 1 , 5 , 1 , 5 , 
MDP , 1 , 1 , 0.35 , 0.35 , 10 , 10 , 10000 , 3 , 0.0912 , 1 , 5 , 3 , 4 , 
MDP , 1 , 1 , 0.35 , 0.35 , 10 , 10 , 10000 , 3 , 0.0358 , 1 , 7 , 3 , 2 , 
MDP , 1 , 1 , 0.35 , 0.35 , 10 , 10 , 10000 , 3 , 0.342 , 5 , 10 , 4 , 5 , 
MDP , 1 , 1 , 0.35 , 0.35 , 10 , 10 , 10000 , 3 , 0.4323 , 4 , 7 , 1 , 5 , 
MDP , 1 , 1 , 0.35 , 0.35 , 10 , 10 , 10000 , 3 , 0.1827 , 2 , 6 , 2 , 3 , 
MDP , 1 , 1 , 0.35 , 0.35 , 10 , 10 , 10000 , 3 , 0.6438 , 4 , 5 , 2 , 3 , 
MDP , 1 , 1 , 0.35 , 0.35 , 10 , 10 , 10000 , 3 , 0.2683 , 2 , 5 , 4 , 2 , 
MDP , 1 , 1 , 0.35 , 0.35 , 10 , 10 , 10000 , 3 , 0.5962 , 5 , 7 , 1 , 4 , 
MDP , 1 , 1 , 0.35 , 0.35 , 10 , 10 , 10000 , 3 , 0.4416 , 4 , 7 , 1 , 1 , 
MDP , 1 , 1 , 0.35 , 0.35 , 10 , 10 , 10000 , 3 , 0.5775 , 3 , 4 , 5 , 4 , 
MDP , 1 , 1 , 0.35 , 0.35 , 10 , 10 , 10000 , 3 , 0.2033 , 3 , 8 , 4 , 4 , 
MDP , 1 , 1 , 0.35 , 0.35 , 10 , 10 , 10000 , 3 , 0.0366 , 2 , 10 , 2 , 5 , 
MDP , 1 , 1 , 0.35 , 0.35 , 10 , 10 , 10000 , 3 , 0.6387 , 4 , 5 , 2 , 5 , 
MDP , 1 , 1 , 0.35 , 0.35 , 10 , 10 , 10000 , 3 , 0.5992 , 5 , 7 , 3 , 8 , 
MDP , 1 , 1 , 0.35 , 0.35 , 10 , 10 , 10000 , 3 , 0.576 , 3 , 4 , 1 , 5 , 
MDP , 1 , 1 , 0.35 , 0.35 , 10 , 10 , 10000 , 3 , 0.1914 , 2 , 6 , 1 , 5 , 
MDP , 1 , 1 , 0.35 , 0.35 , 10 , 10 , 10000 , 3 , 0.5821 , 3 , 4 , 1 , 2 , 
MDP , 1 , 1 , 0.35 , 0.35 , 10 , 10 , 10000 , 3 , 0.7279 , 6 , 7 , 3 , 4 , 
MDP , 1 , 1 , 0.35 , 0.35 , 10 , 10 , 10000 , 3 , 0.636 , 4 , 5 , 3 , 4 , 
MDP , 1 , 1 , 0.35 , 0.35 , 10 , 10 , 10000 , 3 , 0.7678 , 5 , 5 , 1 , 4 , 
MDP , 1 , 1 , 0.35 , 0.35 , 10 , 10 , 10000 , 3 , 0.188 , 2 , 6 , 3 , 3 , 
MDP , 1 , 1 , 0.35 , 0.35 , 10 , 10 , 10000 , 3 , 0.0265 , 2 , 11 , 2 , 4 , 
MDP , 1 , 1 , 0.35 , 0.35 , 10 , 10 , 10000 , 3 , 0.7686 , 5 , 5 , 5 , 3 , 
MDP , 1 , 1 , 0.35 , 0.35 , 10 , 10 , 10000 , 3 , 0.8215 , 7 , 7 , 2 , 4 , 
MDP , 1 , 1 , 0.4 , 0.4 , 10 , 10 , 10000 , 3 , 0.1282 , 2 , 7 , 2 , 5 , 
MDP , 1 , 1 , 0.4 , 0.4 , 10 , 10 , 10000 , 3 , 0.8414 , 5 , 4 , 2 , 6 , 
MDP , 1 , 1 , 0.4 , 0.4 , 10 , 10 , 10000 , 3 , 0.6866 , 5 , 6 , 3 , 2 , 
MDP , 1 , 1 , 0.4 , 0.4 , 10 , 10 , 10000 , 3 , 0.7993 , 6 , 6 , 1 , 1 , 
MDP , 1 , 1 , 0.4 , 0.4 , 10 , 10 , 10000 , 3 , 0.9729 , 9 , 5 , 2 , 5 , 
MDP , 1 , 1 , 0.4 , 0.4 , 10 , 10 , 10000 , 3 , 0.6817 , 5 , 6 , 5 , 1 , 
MDP , 1 , 1 , 0.4 , 0.4 , 10 , 10 , 10000 , 3 , 0.458 , 3 , 5 , 2 , 5 , 
MDP , 1 , 1 , 0.4 , 0.4 , 10 , 10 , 10000 , 3 , 0.8773 , 7 , 6 , 2 , 1 , 
MDP , 1 , 1 , 0.4 , 0.4 , 10 , 10 , 10000 , 3 , 0.4382 , 4 , 7 , 4 , 4 , 
MDP , 1 , 1 , 0.4 , 0.4 , 10 , 10 , 10000 , 3 , 0.9494 , 6 , 3 , 3 , 3 , 
MDP , 1 , 1 , 0.4 , 0.4 , 10 , 10 , 10000 , 3 , 0.7718 , 5 , 5 , 4 , 4 , 
MDP , 1 , 1 , 0.4 , 0.4 , 10 , 10 , 10000 , 3 , 0.7675 , 5 , 5 , 3 , 6 , 
MDP , 1 , 1 , 0.4 , 0.4 , 10 , 10 , 10000 , 3 , 0.3593 , 3 , 6 , 2 , 4 , 
MDP , 1 , 1 , 0.4 , 0.4 , 10 , 10 , 10000 , 3 , 0.1805 , 2 , 6 , 8 , 5 , 
MDP , 1 , 1 , 0.4 , 0.4 , 10 , 10 , 10000 , 3 , 0.4433 , 4 , 7 , 3 , 2 , 
MDP , 1 , 1 , 0.4 , 0.4 , 10 , 10 , 10000 , 3 , 0.9151 , 6 , 4 , 7 , 6 , 
MDP , 1 , 1 , 0.4 , 0.4 , 10 , 10 , 10000 , 3 , 0.6866 , 5 , 6 , 3 , 3 , 
MDP , 1 , 1 , 0.4 , 0.4 , 10 , 10 , 10000 , 3 , 0.8484 , 5 , 4 , 2 , 5 , 
MDP , 1 , 1 , 0.4 , 0.4 , 10 , 10 , 10000 , 3 , 0.9038 , 5 , 3 , 1 , 5 , 
MDP , 1 , 1 , 0.4 , 0.4 , 10 , 10 , 10000 , 3 , 0.0633 , 2 , 9 , 1 , 2 , 
MDP , 1 , 1 , 0.4 , 0.4 , 10 , 10 , 10000 , 3 , 0.8753 , 7 , 6 , 4 , 1 , 
MDP , 1 , 1 , 0.4 , 0.4 , 10 , 10 , 10000 , 3 , 0.4416 , 4 , 7 , 1 , 5 , 
MDP , 1 , 1 , 0.4 , 0.4 , 10 , 10 , 10000 , 3 , 0.8466 , 5 , 4 , 1 , 1 , 
MDP , 1 , 1 , 0.4 , 0.4 , 10 , 10 , 10000 , 3 , 0.5721 , 3 , 4 , 2 , 4 , 
MDP , 1 , 1 , 0.4 , 0.4 , 10 , 10 , 10000 , 3 , 0.2701 , 5 , 11 , 1 , 2 , 
MDP , 1 , 1 , 0.4 , 0.4 , 10 , 10 , 10000 , 3 , 0.8521 , 5 , 4 , 1 , 1 , 
MDP , 1 , 1 , 0.4 , 0.4 , 10 , 10 , 10000 , 3 , 0.4594 , 3 , 5 , 5 , 4 , 
MDP , 1 , 1 , 0.4 , 0.4 , 10 , 10 , 10000 , 3 , 0.1481 , 3 , 9 , 2 , 3 , 
MDP , 1 , 1 , 0.4 , 0.4 , 10 , 10 , 10000 , 3 , 0.7548 , 7 , 8 , 3 , 1 , 
MDP , 1 , 1 , 0.4 , 0.4 , 10 , 10 , 10000 , 3 , 0.4807 , 2 , 3 , 2 , 2 , 
MDP , 1 , 1 , 0.4 , 0.4 , 10 , 10 , 10000 , 3 , 0.0375 , 2 , 10 , 2 , 2 , 
MDP , 1 , 1 , 0.4 , 0.4 , 10 , 10 , 10000 , 3 , 0.1259 , 2 , 7 , 2 , 2 , 
MDP , 1 , 1 , 0.4 , 0.4 , 10 , 10 , 10000 , 3 , 0.1254 , 2 , 7 , 4 , 3 , 
MDP , 1 , 1 , 0.4 , 0.4 , 10 , 10 , 10000 , 3 , 0.6903 , 5 , 6 , 1 , 5 , 
MDP , 1 , 1 , 0.4 , 0.4 , 10 , 10 , 10000 , 3 , 0.3584 , 3 , 6 , 2 , 3 , 
MDP , 1 , 1 , 0.4 , 0.4 , 10 , 10 , 10000 , 3 , 0.0587 , 2 , 9 , 1 , 5 , 
MDP , 1 , 1 , 0.4 , 0.4 , 10 , 10 , 10000 , 3 , 0.8227 , 4 , 3 , 2 , 8 , 
MDP , 1 , 1 , 0.4 , 0.4 , 10 , 10 , 10000 , 3 , 0.6995 , 3 , 3 , 3 , 4 , 
MDP , 1 , 1 , 0.4 , 0.4 , 10 , 10 , 10000 , 3 , 0.5367 , 4 , 6 , 1 , 2 , 
MDP , 1 , 1 , 0.4 , 0.4 , 10 , 10 , 10000 , 3 , 0.8205 , 7 , 7 , 3 , 4 , 
MDP , 1 , 1 , 0.4 , 0.4 , 10 , 10 , 10000 , 3 , 0.0537 , 1 , 6 , 2 , 2 , 
MDP , 1 , 1 , 0.4 , 0.4 , 10 , 10 , 10000 , 3 , 0.284 , 3 , 7 , 3 , 2 , 
MDP , 1 , 1 , 0.4 , 0.4 , 10 , 10 , 10000 , 3 , 0.4605 , 3 , 5 , 3 , 3 , 
MDP , 1 , 1 , 0.4 , 0.4 , 10 , 10 , 10000 , 3 , 0.2627 , 2 , 5 , 1 , 3 , 
MDP , 1 , 1 , 0.4 , 0.4 , 10 , 10 , 10000 , 3 , 0.8262 , 4 , 3 , 3 , 3 , 
MDP , 1 , 1 , 0.4 , 0.4 , 10 , 10 , 10000 , 3 , 0.6406 , 4 , 5 , 1 , 5 , 
MDP , 1 , 1 , 0.4 , 0.4 , 10 , 10 , 10000 , 3 , 0.7405 , 4 , 4 , 2 , 2 , 
MDP , 1 , 1 , 0.4 , 0.4 , 10 , 10 , 10000 , 3 , 0.9215 , 7 , 5 , 1 , 4 , 
MDP , 1 , 1 , 0.4 , 0.4 , 10 , 10 , 10000 , 3 , 0.4482 , 4 , 7 , 1 , 2 , 
MDP , 1 , 1 , 0.4 , 0.4 , 10 , 10 , 10000 , 3 , 0.9758 , 9 , 5 , 3 , 2 , 
MDP , 1 , 1 , 0.4 , 0.4 , 10 , 10 , 10000 , 3 , 0.5076 , 5 , 8 , 2 , 2 , 
MDP , 1 , 1 , 0.4 , 0.4 , 10 , 10 , 10000 , 3 , 0.6463 , 4 , 5 , 2 , 3 , 
MDP , 1 , 1 , 0.4 , 0.4 , 10 , 10 , 10000 , 3 , 0.5977 , 5 , 7 , 3 , 5 , 
MDP , 1 , 1 , 0.4 , 0.4 , 10 , 10 , 10000 , 3 , 0.9209 , 7 , 5 , 5 , 3 , 
MDP , 1 , 1 , 0.4 , 0.4 , 10 , 10 , 10000 , 3 , 0.2719 , 4 , 9 , 1 , 2 , 
MDP , 1 , 1 , 0.4 , 0.4 , 10 , 10 , 10000 , 3 , 0.8667 , 6 , 5 , 5 , 3 , 
MDP , 1 , 1 , 0.4 , 0.4 , 10 , 10 , 10000 , 3 , 0.5893 , 5 , 7 , 5 , 3 , 
MDP , 1 , 1 , 0.4 , 0.4 , 10 , 10 , 10000 , 3 , 0.1859 , 2 , 6 , 1 , 5 , 
MDP , 1 , 1 , 0.4 , 0.4 , 10 , 10 , 10000 , 3 , 0.0442 , 2 , 10 , 1 , 3 , 
MDP , 1 , 1 , 0.4 , 0.4 , 10 , 10 , 10000 , 3 , 0.6884 , 3 , 3 , 2 , 4 , 
MDP , 1 , 1 , 0.4 , 0.4 , 10 , 10 , 10000 , 3 , 0.2716 , 3 , 7 , 6 , 4 , 
MDP , 1 , 1 , 0.4 , 0.4 , 10 , 10 , 10000 , 3 , 0.7612 , 7 , 8 , 3 , 3 , 
MDP , 1 , 1 , 0.4 , 0.4 , 10 , 10 , 10000 , 3 , 0.3611 , 3 , 6 , 3 , 2 , 
MDP , 1 , 1 , 0.4 , 0.4 , 10 , 10 , 10000 , 3 , 0.8517 , 5 , 4 , 3 , 1 , 
MDP , 1 , 1 , 0.4 , 0.4 , 10 , 10 , 10000 , 3 , 0.1463 , 1 , 4 , 4 , 3 , 
MDP , 1 , 1 , 0.4 , 0.4 , 10 , 10 , 10000 , 3 , 0.3553 , 3 , 6 , 4 , 4 , 
MDP , 1 , 1 , 0.4 , 0.4 , 10 , 10 , 10000 , 3 , 0.8881 , 8 , 7 , 4 , 5 , 
MDP , 1 , 1 , 0.4 , 0.4 , 10 , 10 , 10000 , 3 , 0.5817 , 3 , 4 , 2 , 4 , 
MDP , 1 , 1 , 0.4 , 0.4 , 10 , 10 , 10000 , 3 , 0.8215 , 7 , 7 , 1 , 3 , 
MDP , 1 , 1 , 0.4 , 0.4 , 10 , 10 , 10000 , 3 , 0.0915 , 1 , 5 , 1 , 1 , 
MDP , 1 , 1 , 0.4 , 0.4 , 10 , 10 , 10000 , 3 , 0.5376 , 4 , 6 , 4 , 1 , 
MDP , 1 , 1 , 0.4 , 0.4 , 10 , 10 , 10000 , 3 , 0.9515 , 7 , 4 , 2 , 3 , 
MDP , 1 , 1 , 0.4 , 0.4 , 10 , 10 , 10000 , 3 , 0.1256 , 2 , 7 , 2 , 2 , 
MDP , 1 , 1 , 0.4 , 0.4 , 10 , 10 , 10000 , 3 , 0.5391 , 4 , 6 , 3 , 2 , 
MDP , 1 , 1 , 0.4 , 0.4 , 10 , 10 , 10000 , 3 , 0.8744 , 7 , 6 , 1 , 5 , 
MDP , 1 , 1 , 0.4 , 0.4 , 10 , 10 , 10000 , 3 , 0.4724 , 3 , 5 , 1 , 3 , 
MDP , 1 , 1 , 0.4 , 0.4 , 10 , 10 , 10000 , 3 , 0.974 , 7 , 3 , 4 , 6 , 
MDP , 1 , 1 , 0.4 , 0.4 , 10 , 10 , 10000 , 3 , 0.9574 , 9 , 6 , 1 , 1 , 
MDP , 1 , 1 , 0.4 , 0.4 , 10 , 10 , 10000 , 3 , 0.5814 , 3 , 4 , 2 , 1 , 
MDP , 1 , 1 , 0.4 , 0.4 , 10 , 10 , 10000 , 3 , 0.591 , 5 , 7 , 3 , 3 , 
MDP , 1 , 1 , 0.4 , 0.4 , 10 , 10 , 10000 , 3 , 0.8504 , 5 , 4 , 3 , 3 , 
MDP , 1 , 1 , 0.4 , 0.4 , 10 , 10 , 10000 , 3 , 0.3704 , 2 , 4 , 7 , 4 , 
MDP , 1 , 1 , 0.4 , 0.4 , 10 , 10 , 10000 , 3 , 0.1273 , 2 , 7 , 5 , 2 , 
MDP , 1 , 1 , 0.4 , 0.4 , 10 , 10 , 10000 , 3 , 0.5766 , 3 , 4 , 3 , 4 , 
MDP , 1 , 1 , 0.4 , 0.4 , 10 , 10 , 10000 , 3 , 0.7288 , 6 , 7 , 2 , 5 , 
MDP , 1 , 1 , 0.4 , 0.4 , 10 , 10 , 10000 , 3 , 0.849 , 5 , 4 , 1 , 3 , 
MDP , 1 , 1 , 0.4 , 0.4 , 10 , 10 , 10000 , 3 , 0.867 , 6 , 5 , 3 , 4 , 
MDP , 1 , 1 , 0.4 , 0.4 , 10 , 10 , 10000 , 3 , 0.909 , 6 , 4 , 3 , 5 , 
MDP , 1 , 1 , 0.4 , 0.4 , 10 , 10 , 10000 , 3 , 0.0381 , 2 , 10 , 2 , 2 , 
MDP , 1 , 1 , 0.4 , 0.4 , 10 , 10 , 10000 , 3 , 0.7762 , 5 , 5 , 2 , 6 , 
MDP , 1 , 1 , 0.4 , 0.4 , 10 , 10 , 10000 , 3 , 0.2751 , 3 , 7 , 4 , 6 , 
MDP , 1 , 1 , 0.4 , 0.4 , 10 , 10 , 10000 , 3 , 0.4652 , 3 , 5 , 3 , 6 , 
MDP , 1 , 1 , 0.4 , 0.4 , 10 , 10 , 10000 , 3 , 0.9738 , 9 , 5 , 1 , 4 , 
MDP , 1 , 1 , 0.4 , 0.4 , 10 , 10 , 10000 , 3 , 0.9137 , 6 , 4 , 1 , 2 , 
MDP , 1 , 1 , 0.4 , 0.4 , 10 , 10 , 10000 , 3 , 0.1499 , 3 , 9 , 2 , 3 , 
MDP , 1 , 1 , 0.4 , 0.4 , 10 , 10 , 10000 , 3 , 0.7591 , 7 , 8 , 1 , 5 , 
MDP , 1 , 1 , 0.4 , 0.4 , 10 , 10 , 10000 , 3 , 0.9917 , 11 , 5 , 4 , 3 , 
MDP , 1 , 1 , 0.4 , 0.4 , 10 , 10 , 10000 , 3 , 0.1904 , 2 , 6 , 4 , 4 , 
MDP , 1 , 1 , 0.4 , 0.4 , 10 , 10 , 10000 , 3 , 0.853 , 5 , 4 , 2 , 3 , 
MDP , 1 , 1 , 0.4 , 0.4 , 10 , 10 , 10000 , 3 , 0.1296 , 2 , 7 , 2 , 1 , 
MDP , 1 , 1 , 0.45 , 0.45 , 10 , 10 , 10000 , 3 , 0.6871 , 5 , 6 , 3 , 7 , 
MDP , 1 , 1 , 0.45 , 0.45 , 10 , 10 , 10000 , 3 , 0.639 , 4 , 5 , 3 , 3 , 
MDP , 1 , 1 , 0.45 , 0.45 , 10 , 10 , 10000 , 3 , 0.2108 , 3 , 8 , 3 , 4 , 
MDP , 1 , 1 , 0.45 , 0.45 , 10 , 10 , 10000 , 3 , 0.9572 , 8 , 5 , 2 , 6 , 
MDP , 1 , 1 , 0.45 , 0.45 , 10 , 10 , 10000 , 3 , 0.79 , 3 , 2 , 6 , 3 , 
MDP , 1 , 1 , 0.45 , 0.45 , 10 , 10 , 10000 , 3 , 0.9545 , 7 , 4 , 2 , 2 , 
MDP , 1 , 1 , 0.45 , 0.45 , 10 , 10 , 10000 , 3 , 0.3566 , 3 , 6 , 3 , 3 , 
MDP , 1 , 1 , 0.45 , 0.45 , 10 , 10 , 10000 , 3 , 0.9859 , 7 , 2 , 5 , 1 , 
MDP , 1 , 1 , 0.45 , 0.45 , 10 , 10 , 10000 , 3 , 0.5794 , 3 , 4 , 3 , 1 , 
MDP , 1 , 1 , 0.45 , 0.45 , 10 , 10 , 10000 , 3 , 0.53 , 4 , 6 , 2 , 5 , 
MDP , 1 , 1 , 0.45 , 0.45 , 10 , 10 , 10000 , 3 , 0.975 , 9 , 5 , 1 , 6 , 
MDP , 1 , 1 , 0.45 , 0.45 , 10 , 10 , 10000 , 3 , 0.2665 , 2 , 5 , 3 , 2 , 
MDP , 1 , 1 , 0.45 , 0.45 , 10 , 10 , 10000 , 3 , 0.8654 , 6 , 5 , 2 , 5 , 
MDP , 1 , 1 , 0.45 , 0.45 , 10 , 10 , 10000 , 3 , 0.9033 , 5 , 3 , 2 , 6 , 
MDP , 1 , 1 , 0.45 , 0.45 , 10 , 10 , 10000 , 3 , 0.7272 , 6 , 7 , 3 , 4 , 
MDP , 1 , 1 , 0.45 , 0.45 , 10 , 10 , 10000 , 3 , 0.5381 , 4 , 6 , 1 , 3 , 
MDP , 1 , 1 , 0.45 , 0.45 , 10 , 10 , 10000 , 3 , 0.2666 , 2 , 5 , 1 , 5 , 
MDP , 1 , 1 , 0.45 , 0.45 , 10 , 10 , 10000 , 3 , 0.5799 , 3 , 4 , 2 , 5 , 
MDP , 1 , 1 , 0.45 , 0.45 , 10 , 10 , 10000 , 3 , 0.8797 , 7 , 6 , 4 , 4 , 
MDP , 1 , 1 , 0.45 , 0.45 , 10 , 10 , 10000 , 3 , 0.5801 , 3 , 4 , 3 , 4 , 
MDP , 1 , 1 , 0.45 , 0.45 , 10 , 10 , 10000 , 3 , 0.4369 , 4 , 7 , 3 , 2 , 
MDP , 1 , 1 , 0.45 , 0.45 , 10 , 10 , 10000 , 3 , 0.863 , 6 , 5 , 4 , 3 , 
MDP , 1 , 1 , 0.45 , 0.45 , 10 , 10 , 10000 , 3 , 0.7725 , 5 , 5 , 2 , 1 , 
MDP , 1 , 1 , 0.45 , 0.45 , 10 , 10 , 10000 , 3 , 0.4604 , 3 , 5 , 2 , 4 , 
MDP , 1 , 1 , 0.45 , 0.45 , 10 , 10 , 10000 , 3 , 0.2743 , 3 , 7 , 2 , 4 , 
MDP , 1 , 1 , 0.45 , 0.45 , 10 , 10 , 10000 , 3 , 0.8462 , 5 , 4 , 4 , 6 , 
MDP , 1 , 1 , 0.45 , 0.45 , 10 , 10 , 10000 , 3 , 0.7736 , 5 , 5 , 1 , 2 , 
MDP , 1 , 1 , 0.45 , 0.45 , 10 , 10 , 10000 , 3 , 0.5926 , 5 , 7 , 2 , 6 , 
MDP , 1 , 1 , 0.45 , 0.45 , 10 , 10 , 10000 , 3 , 0.3648 , 3 , 6 , 3 , 2 , 
MDP , 1 , 1 , 0.45 , 0.45 , 10 , 10 , 10000 , 3 , 0.8484 , 5 , 4 , 2 , 3 , 
MDP , 1 , 1 , 0.45 , 0.45 , 10 , 10 , 10000 , 3 , 0.8269 , 4 , 3 , 8 , 6 , 
MDP , 1 , 1 , 0.45 , 0.45 , 10 , 10 , 10000 , 3 , 0.0913 , 1 , 5 , 4 , 2 , 
MDP , 1 , 1 , 0.45 , 0.45 , 10 , 10 , 10000 , 3 , 0.5297 , 4 , 6 , 5 , 3 , 
MDP , 1 , 1 , 0.45 , 0.45 , 10 , 10 , 10000 , 3 , 0.4836 , 2 , 3 , 4 , 3 , 
MDP , 1 , 1 , 0.45 , 0.45 , 10 , 10 , 10000 , 3 , 0.4677 , 3 , 5 , 1 , 8 , 
MDP , 1 , 1 , 0.45 , 0.45 , 10 , 10 , 10000 , 3 , 0.5354 , 4 , 6 , 1 , 3 , 
MDP , 1 , 1 , 0.45 , 0.45 , 10 , 10 , 10000 , 3 , 0.0914 , 1 , 5 , 4 , 6 , 
MDP , 1 , 1 , 0.45 , 0.45 , 10 , 10 , 10000 , 3 , 0.1322 , 2 , 7 , 1 , 4 , 
MDP , 1 , 1 , 0.45 , 0.45 , 10 , 10 , 10000 , 3 , 0.4341 , 4 , 7 , 6 , 5 , 
MDP , 1 , 1 , 0.45 , 0.45 , 10 , 10 , 10000 , 3 , 0.179 , 2 , 6 , 1 , 4 , 
MDP , 1 , 1 , 0.45 , 0.45 , 10 , 10 , 10000 , 3 , 0.1903 , 2 , 6 , 2 , 2 , 
MDP , 1 , 1 , 0.45 , 0.45 , 10 , 10 , 10000 , 3 , 0.6873 , 5 , 6 , 3 , 4 , 
MDP , 1 , 1 , 0.45 , 0.45 , 10 , 10 , 10000 , 3 , 0.8236 , 4 , 3 , 2 , 5 , 
MDP , 1 , 1 , 0.45 , 0.45 , 10 , 10 , 10000 , 3 , 0.4578 , 3 , 5 , 3 , 8 , 
MDP , 1 , 1 , 0.45 , 0.45 , 10 , 10 , 10000 , 3 , 0.9529 , 7 , 4 , 3 , 3 , 
MDP , 1 , 1 , 0.45 , 0.45 , 10 , 10 , 10000 , 3 , 0.8745 , 7 , 6 , 5 , 6 , 
MDP , 1 , 1 , 0.45 , 0.45 , 10 , 10 , 10000 , 3 , 0.8647 , 6 , 5 , 3 , 2 , 
MDP , 1 , 1 , 0.45 , 0.45 , 10 , 10 , 10000 , 3 , 0.09 , 1 , 5 , 7 , 5 , 
MDP , 1 , 1 , 0.45 , 0.45 , 10 , 10 , 10000 , 3 , 0.9724 , 6 , 2 , 4 , 3 , 
MDP , 1 , 1 , 0.45 , 0.45 , 10 , 10 , 10000 , 3 , 0.1868 , 2 , 6 , 5 , 3 , 
MDP , 1 , 1 , 0.45 , 0.45 , 10 , 10 , 10000 , 3 , 0.9433 , 5 , 2 , 3 , 7 , 
MDP , 1 , 1 , 0.45 , 0.45 , 10 , 10 , 10000 , 3 , 0.9988 , 12 , 3 , 2 , 4 , 
MDP , 1 , 1 , 0.45 , 0.45 , 10 , 10 , 10000 , 3 , 0.9049 , 5 , 3 , 4 , 5 , 
MDP , 1 , 1 , 0.45 , 0.45 , 10 , 10 , 10000 , 3 , 0.9513 , 6 , 3 , 2 , 6 , 
MDP , 1 , 1 , 0.45 , 0.45 , 10 , 10 , 10000 , 3 , 0.6392 , 4 , 5 , 4 , 5 , 
MDP , 1 , 1 , 0.45 , 0.45 , 10 , 10 , 10000 , 3 , 0.7787 , 5 , 5 , 1 , 2 , 
MDP , 1 , 1 , 0.45 , 0.45 , 10 , 10 , 10000 , 3 , 0.693 , 3 , 3 , 1 , 2 , 
MDP , 1 , 1 , 0.45 , 0.45 , 10 , 10 , 10000 , 3 , 0.8957 , 4 , 2 , 3 , 3 , 
MDP , 1 , 1 , 0.45 , 0.45 , 10 , 10 , 10000 , 3 , 0.2765 , 3 , 7 , 4 , 4 , 
MDP , 1 , 1 , 0.45 , 0.45 , 10 , 10 , 10000 , 3 , 0.6802 , 7 , 9 , 2 , 3 , 
MDP , 1 , 1 , 0.45 , 0.45 , 10 , 10 , 10000 , 3 , 0.0938 , 2 , 8 , 3 , 3 , 
MDP , 1 , 1 , 0.45 , 0.45 , 10 , 10 , 10000 , 3 , 0.3615 , 3 , 6 , 2 , 3 , 
MDP , 1 , 1 , 0.45 , 0.45 , 10 , 10 , 10000 , 3 , 0.4715 , 3 , 5 , 1 , 4 , 
MDP , 1 , 1 , 0.45 , 0.45 , 10 , 10 , 10000 , 3 , 0.755 , 7 , 8 , 1 , 4 , 
MDP , 1 , 1 , 0.45 , 0.45 , 10 , 10 , 10000 , 3 , 0.9871 , 8 , 3 , 5 , 5 , 
MDP , 1 , 1 , 0.45 , 0.45 , 10 , 10 , 10000 , 3 , 0.912 , 6 , 4 , 7 , 4 , 
MDP , 1 , 1 , 0.45 , 0.45 , 10 , 10 , 10000 , 3 , 0.7728 , 5 , 5 , 1 , 5 , 
MDP , 1 , 1 , 0.45 , 0.45 , 10 , 10 , 10000 , 3 , 0.425 , 5 , 9 , 1 , 5 , 
MDP , 1 , 1 , 0.45 , 0.45 , 10 , 10 , 10000 , 3 , 0.4169 , 5 , 9 , 5 , 5 , 
MDP , 1 , 1 , 0.45 , 0.45 , 10 , 10 , 10000 , 3 , 0.1533 , 3 , 9 , 8 , 3 , 
MDP , 1 , 1 , 0.45 , 0.45 , 10 , 10 , 10000 , 3 , 0.7976 , 6 , 6 , 2 , 4 , 
MDP , 1 , 1 , 0.45 , 0.45 , 10 , 10 , 10000 , 3 , 0.6379 , 4 , 5 , 4 , 3 , 
MDP , 1 , 1 , 0.45 , 0.45 , 10 , 10 , 10000 , 3 , 0.6016 , 5 , 7 , 1 , 3 , 
MDP , 1 , 1 , 0.45 , 0.45 , 10 , 10 , 10000 , 3 , 0.8239 , 7 , 7 , 2 , 2 , 
MDP , 1 , 1 , 0.45 , 0.45 , 10 , 10 , 10000 , 3 , 0.5809 , 3 , 4 , 8 , 5 , 
MDP , 1 , 1 , 0.45 , 0.45 , 10 , 10 , 10000 , 3 , 0.6424 , 6 , 8 , 7 , 4 , 
MDP , 1 , 1 , 0.45 , 0.45 , 10 , 10 , 10000 , 3 , 0.7414 , 4 , 4 , 3 , 4 , 
MDP , 1 , 1 , 0.45 , 0.45 , 10 , 10 , 10000 , 3 , 0.7726 , 5 , 5 , 2 , 2 , 
MDP , 1 , 1 , 0.45 , 0.45 , 10 , 10 , 10000 , 3 , 0.469 , 3 , 5 , 3 , 4 , 
MDP , 1 , 1 , 0.45 , 0.45 , 10 , 10 , 10000 , 3 , 0.6256 , 2 , 2 , 7 , 5 , 
MDP , 1 , 1 , 0.45 , 0.45 , 10 , 10 , 10000 , 3 , 0.0864 , 2 , 8 , 2 , 4 , 
MDP , 1 , 1 , 0.45 , 0.45 , 10 , 10 , 10000 , 3 , 0.9719 , 7 , 3 , 6 , 5 , 
MDP , 1 , 1 , 0.45 , 0.45 , 10 , 10 , 10000 , 3 , 0.9737 , 6 , 2 , 4 , 6 , 
MDP , 1 , 1 , 0.45 , 0.45 , 10 , 10 , 10000 , 3 , 0.6899 , 5 , 6 , 4 , 2 , 
MDP , 1 , 1 , 0.45 , 0.45 , 10 , 10 , 10000 , 3 , 0.6433 , 4 , 5 , 3 , 3 , 
MDP , 1 , 1 , 0.45 , 0.45 , 10 , 10 , 10000 , 3 , 0.353 , 3 , 6 , 1 , 3 , 
MDP , 1 , 1 , 0.45 , 0.45 , 10 , 10 , 10000 , 3 , 0.4601 , 3 , 5 , 3 , 4 , 
MDP , 1 , 1 , 0.45 , 0.45 , 10 , 10 , 10000 , 3 , 0.8187 , 7 , 7 , 3 , 3 , 
MDP , 1 , 1 , 0.45 , 0.45 , 10 , 10 , 10000 , 3 , 0.0553 , 1 , 6 , 1 , 4 , 
MDP , 1 , 1 , 0.45 , 0.45 , 10 , 10 , 10000 , 3 , 0.4477 , 4 , 7 , 5 , 3 , 
MDP , 1 , 1 , 0.45 , 0.45 , 10 , 10 , 10000 , 3 , 0.9 , 9 , 8 , 6 , 2 , 
MDP , 1 , 1 , 0.45 , 0.45 , 10 , 10 , 10000 , 3 , 0.2777 , 3 , 7 , 3 , 1 , 
MDP , 1 , 1 , 0.45 , 0.45 , 10 , 10 , 10000 , 3 , 0.7603 , 7 , 8 , 1 , 3 , 
MDP , 1 , 1 , 0.45 , 0.45 , 10 , 10 , 10000 , 3 , 0.4357 , 4 , 7 , 2 , 3 , 
MDP , 1 , 1 , 0.45 , 0.45 , 10 , 10 , 10000 , 3 , 0.7516 , 4 , 4 , 1 , 5 , 
MDP , 1 , 1 , 0.45 , 0.45 , 10 , 10 , 10000 , 3 , 0.8015 , 6 , 6 , 2 , 4 , 
MDP , 1 , 1 , 0.45 , 0.45 , 10 , 10 , 10000 , 3 , 0.9088 , 5 , 3 , 6 , 3 , 
MDP , 1 , 1 , 0.45 , 0.45 , 10 , 10 , 10000 , 3 , 0.7352 , 4 , 4 , 3 , 6 , 
MDP , 1 , 1 , 0.45 , 0.45 , 10 , 10 , 10000 , 3 , 0.2727 , 3 , 7 , 1 , 1 , 
MDP , 1 , 1 , 0.45 , 0.45 , 10 , 10 , 10000 , 3 , 0.9178 , 6 , 4 , 2 , 3 , 
MDP , 1 , 1 , 0.5 , 0.5 , 10 , 10 , 10000 , 3 , 0.9006 , 5 , 3 , 7 , 3 , 
MDP , 1 , 1 , 0.5 , 0.5 , 10 , 10 , 10000 , 3 , 0.8609 , 6 , 5 , 3 , 5 , 
MDP , 1 , 1 , 0.5 , 0.5 , 10 , 10 , 10000 , 3 , 0.8029 , 6 , 6 , 4 , 2 , 
MDP , 1 , 1 , 0.5 , 0.5 , 10 , 10 , 10000 , 3 , 0.5325 , 4 , 6 , 4 , 4 , 
MDP , 1 , 1 , 0.5 , 0.5 , 10 , 10 , 10000 , 3 , 0.8683 , 6 , 5 , 2 , 4 , 
MDP , 1 , 1 , 0.5 , 0.5 , 10 , 10 , 10000 , 3 , 0.1432 , 1 , 4 , 4 , 3 , 
MDP , 1 , 1 , 0.5 , 0.5 , 10 , 10 , 10000 , 3 , 0.866 , 6 , 5 , 6 , 5 , 
MDP , 1 , 1 , 0.5 , 0.5 , 10 , 10 , 10000 , 3 , 0.275 , 5 , 11 , 5 , 4 , 
MDP , 1 , 1 , 0.5 , 0.5 , 10 , 10 , 10000 , 3 , 0.8469 , 5 , 4 , 4 , 3 , 
MDP , 1 , 1 , 0.5 , 0.5 , 10 , 10 , 10000 , 3 , 0.4946 , 2 , 3 , 3 , 4 , 
MDP , 1 , 1 , 0.5 , 0.5 , 10 , 10 , 10000 , 3 , 0.6945 , 3 , 3 , 4 , 2 , 
MDP , 1 , 1 , 0.5 , 0.5 , 10 , 10 , 10000 , 3 , 0.2756 , 3 , 7 , 4 , 5 , 
MDP , 1 , 1 , 0.5 , 0.5 , 10 , 10 , 10000 , 3 , 0.2673 , 3 , 7 , 4 , 2 , 
MDP , 1 , 1 , 0.5 , 0.5 , 10 , 10 , 10000 , 3 , 0.8229 , 4 , 3 , 1 , 5 , 
MDP , 1 , 1 , 0.5 , 0.5 , 10 , 10 , 10000 , 3 , 0.8704 , 6 , 5 , 5 , 4 , 
MDP , 1 , 1 , 0.5 , 0.5 , 10 , 10 , 10000 , 3 , 0.955 , 7 , 4 , 3 , 2 , 
MDP , 1 , 1 , 0.5 , 0.5 , 10 , 10 , 10000 , 3 , 0.5344 , 4 , 6 , 3 , 3 , 
MDP , 1 , 1 , 0.5 , 0.5 , 10 , 10 , 10000 , 3 , 0.6382 , 4 , 5 , 2 , 3 , 
MDP , 1 , 1 , 0.5 , 0.5 , 10 , 10 , 10000 , 3 , 0.6925 , 5 , 6 , 4 , 2 , 
MDP , 1 , 1 , 0.5 , 0.5 , 10 , 10 , 10000 , 3 , 0.8662 , 6 , 5 , 4 , 3 , 
MDP , 1 , 1 , 0.5 , 0.5 , 10 , 10 , 10000 , 3 , 0.8905 , 8 , 7 , 2 , 4 , 
MDP , 1 , 1 , 0.5 , 0.5 , 10 , 10 , 10000 , 3 , 0.78 , 5 , 5 , 5 , 3 , 
MDP , 1 , 1 , 0.5 , 0.5 , 10 , 10 , 10000 , 3 , 0.7812 , 5 , 5 , 6 , 3 , 
MDP , 1 , 1 , 0.5 , 0.5 , 10 , 10 , 10000 , 3 , 0.7268 , 6 , 7 , 2 , 2 , 
MDP , 1 , 1 , 0.5 , 0.5 , 10 , 10 , 10000 , 3 , 0.3612 , 2 , 4 , 2 , 2 , 
MDP , 1 , 1 , 0.5 , 0.5 , 10 , 10 , 10000 , 3 , 0.7952 , 6 , 6 , 3 , 3 , 
MDP , 1 , 1 , 0.5 , 0.5 , 10 , 10 , 10000 , 3 , 0.0146 , 1 , 9 , 3 , 5 , 
MDP , 1 , 1 , 0.5 , 0.5 , 10 , 10 , 10000 , 3 , 0.6374 , 4 , 5 , 4 , 3 , 
MDP , 1 , 1 , 0.5 , 0.5 , 10 , 10 , 10000 , 3 , 0.6295 , 4 , 5 , 4 , 4 , 
MDP , 1 , 1 , 0.5 , 0.5 , 10 , 10 , 10000 , 3 , 0.9095 , 6 , 4 , 2 , 2 , 
MDP , 1 , 1 , 0.5 , 0.5 , 10 , 10 , 10000 , 3 , 0.6392 , 4 , 5 , 7 , 2 , 
MDP , 1 , 1 , 0.5 , 0.5 , 10 , 10 , 10000 , 3 , 0.9142 , 6 , 4 , 4 , 3 , 
MDP , 1 , 1 , 0.5 , 0.5 , 10 , 10 , 10000 , 3 , 0.8444 , 5 , 4 , 3 , 2 , 
MDP , 1 , 1 , 0.5 , 0.5 , 10 , 10 , 10000 , 3 , 0.6396 , 6 , 8 , 2 , 5 , 
MDP , 1 , 1 , 0.5 , 0.5 , 10 , 10 , 10000 , 3 , 0.8506 , 5 , 4 , 4 , 6 , 
MDP , 1 , 1 , 0.5 , 0.5 , 10 , 10 , 10000 , 3 , 0.6917 , 5 , 6 , 11 , 6 , 
MDP , 1 , 1 , 0.5 , 0.5 , 10 , 10 , 10000 , 3 , 0.9787 , 10 , 6 , 4 , 1 , 
MDP , 1 , 1 , 0.5 , 0.5 , 10 , 10 , 10000 , 3 , 0.6823 , 5 , 6 , 4 , 4 , 
MDP , 1 , 1 , 0.5 , 0.5 , 10 , 10 , 10000 , 3 , 0.8488 , 5 , 4 , 1 , 2 , 
MDP , 1 , 1 , 0.5 , 0.5 , 10 , 10 , 10000 , 3 , 0.3569 , 3 , 6 , 3 , 2 , 
MDP , 1 , 1 , 0.5 , 0.5 , 10 , 10 , 10000 , 3 , 0.9548 , 8 , 5 , 2 , 4 , 
MDP , 1 , 1 , 0.5 , 0.5 , 10 , 10 , 10000 , 3 , 0.9108 , 6 , 4 , 3 , 3 , 
MDP , 1 , 1 , 0.5 , 0.5 , 10 , 10 , 10000 , 3 , 0.3651 , 3 , 6 , 4 , 3 , 
MDP , 1 , 1 , 0.5 , 0.5 , 10 , 10 , 10000 , 3 , 0.9538 , 7 , 4 , 2 , 6 , 
MDP , 1 , 1 , 0.5 , 0.5 , 10 , 10 , 10000 , 3 , 0.4953 , 2 , 3 , 5 , 4 , 
MDP , 1 , 1 , 0.5 , 0.5 , 10 , 10 , 10000 , 3 , 0.6395 , 4 , 5 , 9 , 2 , 
MDP , 1 , 1 , 0.5 , 0.5 , 10 , 10 , 10000 , 3 , 0.9961 , 8 , 1 , 1 , 5 , 
MDP , 1 , 1 , 0.5 , 0.5 , 10 , 10 , 10000 , 3 , 0.9117 , 10 , 9 , 7 , 3 , 
MDP , 1 , 1 , 0.5 , 0.5 , 10 , 10 , 10000 , 3 , 0.5393 , 4 , 6 , 4 , 1 , 
MDP , 1 , 1 , 0.5 , 0.5 , 10 , 10 , 10000 , 3 , 0.9504 , 6 , 3 , 2 , 3 , 
MDP , 1 , 1 , 0.5 , 0.5 , 10 , 10 , 10000 , 3 , 0.7732 , 5 , 5 , 6 , 3 , 
MDP , 1 , 1 , 0.5 , 0.5 , 10 , 10 , 10000 , 3 , 0.751 , 4 , 4 , 4 , 4 , 
MDP , 1 , 1 , 0.5 , 0.5 , 10 , 10 , 10000 , 3 , 0.8058 , 6 , 6 , 4 , 2 , 
MDP , 1 , 1 , 0.5 , 0.5 , 10 , 10 , 10000 , 3 , 0.9011 , 5 , 3 , 3 , 4 , 
MDP , 1 , 1 , 0.5 , 0.5 , 10 , 10 , 10000 , 3 , 0.5875 , 3 , 4 , 4 , 4 , 
MDP , 1 , 1 , 0.5 , 0.5 , 10 , 10 , 10000 , 3 , 0.7372 , 4 , 4 , 5 , 4 , 
MDP , 1 , 1 , 0.5 , 0.5 , 10 , 10 , 10000 , 3 , 0.9752 , 8 , 4 , 3 , 4 , 
MDP , 1 , 1 , 0.5 , 0.5 , 10 , 10 , 10000 , 3 , 0.7426 , 4 , 4 , 2 , 2 , 
MDP , 1 , 1 , 0.5 , 0.5 , 10 , 10 , 10000 , 3 , 0.9543 , 7 , 4 , 6 , 3 , 
MDP , 1 , 1 , 0.5 , 0.5 , 10 , 10 , 10000 , 3 , 0.6356 , 4 , 5 , 3 , 4 , 
MDP , 1 , 1 , 0.5 , 0.5 , 10 , 10 , 10000 , 3 , 0.9737 , 8 , 4 , 4 , 7 , 
MDP , 1 , 1 , 0.5 , 0.5 , 10 , 10 , 10000 , 3 , 0.5742 , 3 , 4 , 3 , 3 , 
MDP , 1 , 1 , 0.5 , 0.5 , 10 , 10 , 10000 , 3 , 0.9725 , 6 , 2 , 5 , 4 , 
MDP , 1 , 1 , 0.5 , 0.5 , 10 , 10 , 10000 , 3 , 0.7928 , 3 , 2 , 2 , 3 , 
MDP , 1 , 1 , 0.5 , 0.5 , 10 , 10 , 10000 , 3 , 0.8297 , 4 , 3 , 3 , 3 , 
MDP , 1 , 1 , 0.5 , 0.5 , 10 , 10 , 10000 , 3 , 0.2642 , 2 , 5 , 5 , 3 , 
MDP , 1 , 1 , 0.5 , 0.5 , 10 , 10 , 10000 , 3 , 0.8057 , 9 , 10 , 1 , 2 , 
MDP , 1 , 1 , 0.5 , 0.5 , 10 , 10 , 10000 , 3 , 0.538 , 4 , 6 , 3 , 3 , 
MDP , 1 , 1 , 0.5 , 0.5 , 10 , 10 , 10000 , 3 , 0.9174 , 6 , 4 , 1 , 1 , 
MDP , 1 , 1 , 0.5 , 0.5 , 10 , 10 , 10000 , 3 , 0.6011 , 5 , 7 , 3 , 7 , 
MDP , 1 , 1 , 0.5 , 0.5 , 10 , 10 , 10000 , 3 , 0.5325 , 4 , 6 , 2 , 3 , 
MDP , 1 , 1 , 0.5 , 0.5 , 10 , 10 , 10000 , 3 , 0.8769 , 7 , 6 , 4 , 4 , 
MDP , 1 , 1 , 0.5 , 0.5 , 10 , 10 , 10000 , 3 , 0.8639 , 6 , 5 , 2 , 2 , 
MDP , 1 , 1 , 0.5 , 0.5 , 10 , 10 , 10000 , 3 , 0.6842 , 5 , 6 , 2 , 1 , 
MDP , 1 , 1 , 0.5 , 0.5 , 10 , 10 , 10000 , 3 , 0.7849 , 8 , 9 , 1 , 1 , 
MDP , 1 , 1 , 0.5 , 0.5 , 10 , 10 , 10000 , 3 , 0.9863 , 8 , 3 , 4 , 3 , 
MDP , 1 , 1 , 0.5 , 0.5 , 10 , 10 , 10000 , 3 , 0.9044 , 5 , 3 , 4 , 3 , 
MDP , 1 , 1 , 0.5 , 0.5 , 10 , 10 , 10000 , 3 , 0.1518 , 3 , 9 , 6 , 4 , 
MDP , 1 , 1 , 0.5 , 0.5 , 10 , 10 , 10000 , 3 , 0.5953 , 5 , 7 , 1 , 4 , 
MDP , 1 , 1 , 0.5 , 0.5 , 10 , 10 , 10000 , 3 , 0.7411 , 4 , 4 , 1 , 1 , 
MDP , 1 , 1 , 0.5 , 0.5 , 10 , 10 , 10000 , 3 , 0.997 , 9 , 1 , 6 , 4 , 
MDP , 1 , 1 , 0.5 , 0.5 , 10 , 10 , 10000 , 3 , 0.8665 , 6 , 5 , 4 , 2 , 
MDP , 1 , 1 , 0.5 , 0.5 , 10 , 10 , 10000 , 3 , 0.9142 , 6 , 4 , 4 , 2 , 
MDP , 1 , 1 , 0.5 , 0.5 , 10 , 10 , 10000 , 3 , 0.9869 , 8 , 3 , 4 , 6 , 
MDP , 1 , 1 , 0.5 , 0.5 , 10 , 10 , 10000 , 3 , 0.9143 , 6 , 4 , 2 , 3 , 
MDP , 1 , 1 , 0.5 , 0.5 , 10 , 10 , 10000 , 3 , 0.5453 , 4 , 6 , 3 , 2 , 
MDP , 1 , 1 , 0.5 , 0.5 , 10 , 10 , 10000 , 3 , 0.9132 , 6 , 4 , 6 , 5 , 
MDP , 1 , 1 , 0.5 , 0.5 , 10 , 10 , 10000 , 3 , 0.5753 , 3 , 4 , 3 , 2 , 
MDP , 1 , 1 , 0.5 , 0.5 , 10 , 10 , 10000 , 3 , 0.4606 , 3 , 5 , 3 , 7 , 
MDP , 1 , 1 , 0.5 , 0.5 , 10 , 10 , 10000 , 3 , 0.5378 , 4 , 6 , 1 , 3 , 
MDP , 1 , 1 , 0.5 , 0.5 , 10 , 10 , 10000 , 3 , 0.459 , 3 , 5 , 2 , 1 , 
MDP , 1 , 1 , 0.5 , 0.5 , 10 , 10 , 10000 , 3 , 0.9159 , 6 , 4 , 3 , 2 , 
MDP , 1 , 1 , 0.5 , 0.5 , 10 , 10 , 10000 , 3 , 0.7429 , 4 , 4 , 4 , 3 , 
MDP , 1 , 1 , 0.5 , 0.5 , 10 , 10 , 10000 , 3 , 0.194 , 3 , 8 , 1 , 2 , 
MDP , 1 , 1 , 0.5 , 0.5 , 10 , 10 , 10000 , 3 , 0.9163 , 7 , 5 , 2 , 1 , 
MDP , 1 , 1 , 0.5 , 0.5 , 10 , 10 , 10000 , 3 , 0.8321 , 4 , 3 , 3 , 2 , 
MDP , 1 , 1 , 0.5 , 0.5 , 10 , 10 , 10000 , 3 , 0.5366 , 4 , 6 , 2 , 3 , 
MDP , 1 , 1 , 0.5 , 0.5 , 10 , 10 , 10000 , 3 , 0.9099 , 6 , 4 , 1 , 3 , 
MDP , 1 , 1 , 0.5 , 0.5 , 10 , 10 , 10000 , 3 , 0.1923 , 2 , 6 , 2 , 1 , 
MDP , 1 , 1 , 0.5 , 0.5 , 10 , 10 , 10000 , 3 , 0.2699 , 3 , 7 , 3 , 2 , 
MDP , 1 , 1 , 0.55 , 0.55 , 10 , 10 , 10000 , 3 , 0.9006 , 5 , 3 , 7 , 3 , 
MDP , 1 , 1 , 0.55 , 0.55 , 10 , 10 , 10000 , 3 , 0.0604 , 2 , 9 , 2 , 3 , 
MDP , 1 , 1 , 0.55 , 0.55 , 10 , 10 , 10000 , 3 , 0.7708 , 5 , 5 , 7 , 4 , 
MDP , 1 , 1 , 0.55 , 0.55 , 10 , 10 , 10000 , 3 , 0.0371 , 1 , 7 , 5 , 3 , 
MDP , 1 , 1 , 0.55 , 0.55 , 10 , 10 , 10000 , 3 , 0.7466 , 2 , 1 , 4 , 1 , 
MDP , 1 , 1 , 0.55 , 0.55 , 10 , 10 , 10000 , 3 , 0.9943 , 11 , 5 , 8 , 3 , 
MDP , 1 , 1 , 0.55 , 0.55 , 10 , 10 , 10000 , 3 , 0.8274 , 4 , 3 , 1 , 2 , 
MDP , 1 , 1 , 0.55 , 0.55 , 10 , 10 , 10000 , 3 , 0.9043 , 5 , 3 , 5 , 5 , 
MDP , 1 , 1 , 0.55 , 0.55 , 10 , 10 , 10000 , 3 , 0.8188 , 7 , 7 , 10 , 3 , 
MDP , 1 , 1 , 0.55 , 0.55 , 10 , 10 , 10000 , 3 , 0.9158 , 6 , 4 , 2 , 6 , 
MDP , 1 , 1 , 0.55 , 0.55 , 10 , 10 , 10000 , 3 , 0.5873 , 5 , 7 , 3 , 3 , 
MDP , 1 , 1 , 0.55 , 0.55 , 10 , 10 , 10000 , 3 , 0.9863 , 8 , 3 , 6 , 3 , 
MDP , 1 , 1 , 0.55 , 0.55 , 10 , 10 , 10000 , 3 , 0.8805 , 3 , 1 , 1 , 3 , 
MDP , 1 , 1 , 0.55 , 0.55 , 10 , 10 , 10000 , 3 , 0.9487 , 6 , 3 , 1 , 7 , 
MDP , 1 , 1 , 0.55 , 0.55 , 10 , 10 , 10000 , 3 , 0.8196 , 4 , 3 , 5 , 6 , 
MDP , 1 , 1 , 0.55 , 0.55 , 10 , 10 , 10000 , 3 , 0.5129 , 5 , 8 , 6 , 2 , 
MDP , 1 , 1 , 0.55 , 0.55 , 10 , 10 , 10000 , 3 , 0.9303 , 8 , 6 , 5 , 5 , 
MDP , 1 , 1 , 0.55 , 0.55 , 10 , 10 , 10000 , 3 , 0.7395 , 2 , 1 , 13 , 3 , 
MDP , 1 , 1 , 0.55 , 0.55 , 10 , 10 , 10000 , 3 , 0.525 , 4 , 6 , 3 , 3 , 
MDP , 1 , 1 , 0.55 , 0.55 , 10 , 10 , 10000 , 3 , 0.986 , 9 , 4 , 1 , 2 , 
MDP , 1 , 1 , 0.55 , 0.55 , 10 , 10 , 10000 , 3 , 0.785 , 3 , 2 , 6 , 7 , 
MDP , 1 , 1 , 0.55 , 0.55 , 10 , 10 , 10000 , 3 , 0.364 , 2 , 4 , 5 , 5 , 
MDP , 1 , 1 , 0.55 , 0.55 , 10 , 10 , 10000 , 3 , 0.877 , 7 , 6 , 3 , 2 , 
MDP , 1 , 1 , 0.55 , 0.55 , 10 , 10 , 10000 , 3 , 0.2603 , 2 , 5 , 2 , 2 , 
MDP , 1 , 1 , 0.55 , 0.55 , 10 , 10 , 10000 , 3 , 0.7401 , 4 , 4 , 4 , 5 , 
MDP , 1 , 1 , 0.55 , 0.55 , 10 , 10 , 10000 , 3 , 0.4598 , 3 , 5 , 2 , 3 , 
MDP , 1 , 1 , 0.55 , 0.55 , 10 , 10 , 10000 , 3 , 0.8479 , 5 , 4 , 5 , 4 , 
MDP , 1 , 1 , 0.55 , 0.55 , 10 , 10 , 10000 , 3 , 0.5081 , 5 , 8 , 3 , 3 , 
MDP , 1 , 1 , 0.55 , 0.55 , 10 , 10 , 10000 , 3 , 0.6348 , 4 , 5 , 1 , 2 , 
MDP , 1 , 1 , 0.55 , 0.55 , 10 , 10 , 10000 , 3 , 0.7007 , 3 , 3 , 7 , 2 , 
MDP , 1 , 1 , 0.55 , 0.55 , 10 , 10 , 10000 , 3 , 0.4592 , 3 , 5 , 2 , 2 , 
MDP , 1 , 1 , 0.55 , 0.55 , 10 , 10 , 10000 , 3 , 0.9371 , 9 , 7 , 2 , 1 , 
MDP , 1 , 1 , 0.55 , 0.55 , 10 , 10 , 10000 , 3 , 0.7313 , 6 , 7 , 4 , 3 , 
MDP , 1 , 1 , 0.55 , 0.55 , 10 , 10 , 10000 , 3 , 0.6861 , 5 , 6 , 1 , 4 , 
MDP , 1 , 1 , 0.55 , 0.55 , 10 , 10 , 10000 , 3 , 0.7733 , 5 , 5 , 3 , 2 , 
MDP , 1 , 1 , 0.55 , 0.55 , 10 , 10 , 10000 , 3 , 0.9937 , 10 , 4 , 3 , 3 , 
MDP , 1 , 1 , 0.55 , 0.55 , 10 , 10 , 10000 , 3 , 0.8472 , 5 , 4 , 9 , 4 , 
MDP , 1 , 1 , 0.55 , 0.55 , 10 , 10 , 10000 , 3 , 0.5873 , 5 , 7 , 3 , 1 , 
MDP , 1 , 1 , 0.55 , 0.55 , 10 , 10 , 10000 , 3 , 0.9188 , 7 , 5 , 1 , 2 , 
MDP , 1 , 1 , 0.55 , 0.55 , 10 , 10 , 10000 , 3 , 0.9726 , 6 , 2 , 6 , 3 , 
MDP , 1 , 1 , 0.55 , 0.55 , 10 , 10 , 10000 , 3 , 0.8903 , 4 , 2 , 2 , 6 , 
MDP , 1 , 1 , 0.55 , 0.55 , 10 , 10 , 10000 , 3 , 0.6364 , 6 , 8 , 7 , 5 , 
MDP , 1 , 1 , 0.55 , 0.55 , 10 , 10 , 10000 , 3 , 0.6824 , 5 , 6 , 3 , 3 , 
MDP , 1 , 1 , 0.55 , 0.55 , 10 , 10 , 10000 , 3 , 0.9743 , 8 , 4 , 2 , 5 , 
MDP , 1 , 1 , 0.55 , 0.55 , 10 , 10 , 10000 , 3 , 0.9854 , 9 , 4 , 6 , 5 , 
MDP , 1 , 1 , 0.55 , 0.55 , 10 , 10 , 10000 , 3 , 0.9476 , 7 , 4 , 2 , 4 , 
MDP , 1 , 1 , 0.55 , 0.55 , 10 , 10 , 10000 , 3 , 0.9562 , 7 , 4 , 2 , 3 , 
MDP , 1 , 1 , 0.55 , 0.55 , 10 , 10 , 10000 , 3 , 0.7686 , 5 , 5 , 3 , 5 , 
MDP , 1 , 1 , 0.55 , 0.55 , 10 , 10 , 10000 , 3 , 0.9497 , 6 , 3 , 5 , 1 , 
MDP , 1 , 1 , 0.55 , 0.55 , 10 , 10 , 10000 , 3 , 0.8806 , 7 , 6 , 7 , 1 , 
MDP , 1 , 1 , 0.55 , 0.55 , 10 , 10 , 10000 , 3 , 0.4621 , 3 , 5 , 3 , 2 , 
MDP , 1 , 1 , 0.55 , 0.55 , 10 , 10 , 10000 , 3 , 0.9979 , 11 , 3 , 4 , 2 , 
MDP , 1 , 1 , 0.55 , 0.55 , 10 , 10 , 10000 , 3 , 0.7937 , 6 , 6 , 2 , 3 , 
MDP , 1 , 1 , 0.55 , 0.55 , 10 , 10 , 10000 , 3 , 0.9151 , 6 , 4 , 4 , 2 , 
MDP , 1 , 1 , 0.55 , 0.55 , 10 , 10 , 10000 , 3 , 0.5829 , 3 , 4 , 4 , 4 , 
MDP , 1 , 1 , 0.55 , 0.55 , 10 , 10 , 10000 , 3 , 0.7722 , 5 , 5 , 2 , 3 , 
MDP , 1 , 1 , 0.55 , 0.55 , 10 , 10 , 10000 , 3 , 0.8895 , 4 , 2 , 2 , 3 , 
MDP , 1 , 1 , 0.55 , 0.55 , 10 , 10 , 10000 , 3 , 0.5421 , 4 , 6 , 3 , 1 , 
MDP , 1 , 1 , 0.55 , 0.55 , 10 , 10 , 10000 , 3 , 0.3601 , 3 , 6 , 3 , 2 , 
MDP , 1 , 1 , 0.55 , 0.55 , 10 , 10 , 10000 , 3 , 0.7403 , 4 , 4 , 5 , 4 , 
MDP , 1 , 1 , 0.55 , 0.55 , 10 , 10 , 10000 , 3 , 0.5826 , 3 , 4 , 2 , 3 , 
MDP , 1 , 1 , 0.55 , 0.55 , 10 , 10 , 10000 , 3 , 0.9543 , 7 , 4 , 8 , 6 , 
MDP , 1 , 1 , 0.55 , 0.55 , 10 , 10 , 10000 , 3 , 0.9452 , 5 , 2 , 2 , 4 , 
MDP , 1 , 1 , 0.55 , 0.55 , 10 , 10 , 10000 , 3 , 0.5027 , 5 , 8 , 2 , 5 , 
MDP , 1 , 1 , 0.55 , 0.55 , 10 , 10 , 10000 , 3 , 0.373 , 2 , 4 , 5 , 5 , 
MDP , 1 , 1 , 0.55 , 0.55 , 10 , 10 , 10000 , 3 , 0.6395 , 4 , 5 , 4 , 1 , 
MDP , 1 , 1 , 0.55 , 0.55 , 10 , 10 , 10000 , 3 , 0.5906 , 5 , 7 , 7 , 4 , 
MDP , 1 , 1 , 0.55 , 0.55 , 10 , 10 , 10000 , 3 , 0.9762 , 7 , 3 , 5 , 5 , 
MDP , 1 , 1 , 0.55 , 0.55 , 10 , 10 , 10000 , 3 , 0.2118 , 4 , 10 , 5 , 3 , 
MDP , 1 , 1 , 0.55 , 0.55 , 10 , 10 , 10000 , 3 , 0.6827 , 5 , 6 , 5 , 4 , 
MDP , 1 , 1 , 0.55 , 0.55 , 10 , 10 , 10000 , 3 , 0.9602 , 8 , 5 , 2 , 4 , 
MDP , 1 , 1 , 0.55 , 0.55 , 10 , 10 , 10000 , 3 , 0.7762 , 5 , 5 , 6 , 2 , 
MDP , 1 , 1 , 0.55 , 0.55 , 10 , 10 , 10000 , 3 , 0.9445 , 5 , 2 , 5 , 3 , 
MDP , 1 , 1 , 0.55 , 0.55 , 10 , 10 , 10000 , 3 , 0.7269 , 6 , 7 , 7 , 4 , 
MDP , 1 , 1 , 0.55 , 0.55 , 10 , 10 , 10000 , 3 , 0.8639 , 6 , 5 , 2 , 2 , 
MDP , 1 , 1 , 0.55 , 0.55 , 10 , 10 , 10000 , 3 , 0.6482 , 4 , 5 , 5 , 3 , 
MDP , 1 , 1 , 0.55 , 0.55 , 10 , 10 , 10000 , 3 , 0.7409 , 4 , 4 , 1 , 1 , 
MDP , 1 , 1 , 0.55 , 0.55 , 10 , 10 , 10000 , 3 , 0.6856 , 5 , 6 , 5 , 4 , 
MDP , 1 , 1 , 0.55 , 0.55 , 10 , 10 , 10000 , 3 , 0.9501 , 6 , 3 , 1 , 4 , 
MDP , 1 , 1 , 0.55 , 0.55 , 10 , 10 , 10000 , 3 , 0.3499 , 3 , 6 , 1 , 2 , 
MDP , 1 , 1 , 0.55 , 0.55 , 10 , 10 , 10000 , 3 , 0.3672 , 3 , 6 , 5 , 4 , 
MDP , 1 , 1 , 0.55 , 0.55 , 10 , 10 , 10000 , 3 , 0.9009 , 5 , 3 , 2 , 5 , 
MDP , 1 , 1 , 0.55 , 0.55 , 10 , 10 , 10000 , 3 , 0.9579 , 9 , 6 , 2 , 5 , 
MDP , 1 , 1 , 0.55 , 0.55 , 10 , 10 , 10000 , 3 , 0.4427 , 4 , 7 , 2 , 3 , 
MDP , 1 , 1 , 0.55 , 0.55 , 10 , 10 , 10000 , 3 , 0.8652 , 6 , 5 , 6 , 2 , 
MDP , 1 , 1 , 0.55 , 0.55 , 10 , 10 , 10000 , 3 , 0.9961 , 9 , 2 , 3 , 4 , 
MDP , 1 , 1 , 0.55 , 0.55 , 10 , 10 , 10000 , 3 , 0.5428 , 4 , 6 , 4 , 2 , 
MDP , 1 , 1 , 0.55 , 0.55 , 10 , 10 , 10000 , 3 , 0.9988 , 12 , 3 , 3 , 4 , 
MDP , 1 , 1 , 0.55 , 0.55 , 10 , 10 , 10000 , 3 , 0.7662 , 7 , 8 , 3 , 2 , 
MDP , 1 , 1 , 0.55 , 0.55 , 10 , 10 , 10000 , 3 , 0.8223 , 4 , 3 , 4 , 4 , 
MDP , 1 , 1 , 0.55 , 0.55 , 10 , 10 , 10000 , 3 , 0.8212 , 7 , 7 , 5 , 3 , 
MDP , 1 , 1 , 0.55 , 0.55 , 10 , 10 , 10000 , 3 , 0.9122 , 6 , 4 , 3 , 5 , 
MDP , 1 , 1 , 0.55 , 0.55 , 10 , 10 , 10000 , 3 , 0.9504 , 7 , 4 , 5 , 4 , 
MDP , 1 , 1 , 0.55 , 0.55 , 10 , 10 , 10000 , 3 , 0.8976 , 5 , 3 , 5 , 6 , 
MDP , 1 , 1 , 0.55 , 0.55 , 10 , 10 , 10000 , 3 , 0.5348 , 4 , 6 , 3 , 4 , 
MDP , 1 , 1 , 0.55 , 0.55 , 10 , 10 , 10000 , 3 , 0.8666 , 6 , 5 , 3 , 1 , 
MDP , 1 , 1 , 0.55 , 0.55 , 10 , 10 , 10000 , 3 , 0.7385 , 4 , 4 , 1 , 3 , 
MDP , 1 , 1 , 0.55 , 0.55 , 10 , 10 , 10000 , 3 , 0.5114 , 5 , 8 , 4 , 6 , 
MDP , 1 , 1 , 0.55 , 0.55 , 10 , 10 , 10000 , 3 , 0.5041 , 5 , 8 , 3 , 4 , 
MDP , 1 , 1 , 0.55 , 0.55 , 10 , 10 , 10000 , 3 , 0.9321 , 9 , 7 , 1 , 2 , 
MDP , 1 , 1 , 0.6 , 0.6 , 10 , 10 , 10000 , 3 , 0.9986 , 10 , 2 , 1 , 4 , 
MDP , 1 , 1 , 0.6 , 0.6 , 10 , 10 , 10000 , 3 , 0.8886 , 8 , 7 , 2 , 2 , 
MDP , 1 , 1 , 0.6 , 0.6 , 10 , 10 , 10000 , 3 , 0.9939 , 9 , 3 , 5 , 3 , 
MDP , 1 , 1 , 0.6 , 0.6 , 10 , 10 , 10000 , 3 , 0.9558 , 8 , 5 , 5 , 2 , 
MDP , 1 , 1 , 0.6 , 0.6 , 10 , 10 , 10000 , 3 , 0.8638 , 6 , 5 , 1 , 5 , 
MDP , 1 , 1 , 0.6 , 0.6 , 10 , 10 , 10000 , 3 , 0.8995 , 5 , 3 , 5 , 4 , 
MDP , 1 , 1 , 0.6 , 0.6 , 10 , 10 , 10000 , 3 , 0.6371 , 4 , 5 , 8 , 1 , 
MDP , 1 , 1 , 0.6 , 0.6 , 10 , 10 , 10000 , 3 , 0.9205 , 7 , 5 , 1 , 2 , 
MDP , 1 , 1 , 0.6 , 0.6 , 10 , 10 , 10000 , 3 , 0.9615 , 10 , 7 , 2 , 2 , 
MDP , 1 , 1 , 0.6 , 0.6 , 10 , 10 , 10000 , 3 , 0.5904 , 5 , 7 , 1 , 3 , 
MDP , 1 , 1 , 0.6 , 0.6 , 10 , 10 , 10000 , 3 , 0.9856 , 8 , 3 , 8 , 3 , 
MDP , 1 , 1 , 0.6 , 0.6 , 10 , 10 , 10000 , 3 , 0.9967 , 9 , 2 , 10 , 2 , 
MDP , 1 , 1 , 0.6 , 0.6 , 10 , 10 , 10000 , 3 , 0.9692 , 5 , 1 , 13 , 5 , 
MDP , 1 , 1 , 0.6 , 0.6 , 10 , 10 , 10000 , 3 , 0.9927 , 8 , 2 , 4 , 2 , 
MDP , 1 , 1 , 0.6 , 0.6 , 10 , 10 , 10000 , 3 , 0.9729 , 7 , 3 , 2 , 2 , 
MDP , 1 , 1 , 0.6 , 0.6 , 10 , 10 , 10000 , 3 , 0.9468 , 5 , 2 , 3 , 2 , 
MDP , 1 , 1 , 0.6 , 0.6 , 10 , 10 , 10000 , 3 , 0.9864 , 8 , 3 , 4 , 2 , 
MDP , 1 , 1 , 0.6 , 0.6 , 10 , 10 , 10000 , 3 , 0.8667 , 6 , 5 , 1 , 4 , 
MDP , 1 , 1 , 0.6 , 0.6 , 10 , 10 , 10000 , 3 , 0.8247 , 4 , 3 , 7 , 6 , 
MDP , 1 , 1 , 0.6 , 0.6 , 10 , 10 , 10000 , 3 , 0.9934 , 10 , 4 , 4 , 2 , 
MDP , 1 , 1 , 0.6 , 0.6 , 10 , 10 , 10000 , 3 , 0.3628 , 3 , 6 , 6 , 4 , 
MDP , 1 , 1 , 0.6 , 0.6 , 10 , 10 , 10000 , 3 , 0.8999 , 5 , 3 , 6 , 4 , 
MDP , 1 , 1 , 0.6 , 0.6 , 10 , 10 , 10000 , 3 , 0.9704 , 7 , 3 , 4 , 7 , 
MDP , 1 , 1 , 0.6 , 0.6 , 10 , 10 , 10000 , 3 , 0.9574 , 8 , 5 , 5 , 4 , 
MDP , 1 , 1 , 0.6 , 0.6 , 10 , 10 , 10000 , 3 , 0.7765 , 5 , 5 , 2 , 5 , 
MDP , 1 , 1 , 0.6 , 0.6 , 10 , 10 , 10000 , 3 , 0.9322 , 8 , 6 , 7 , 3 , 
MDP , 1 , 1 , 0.6 , 0.6 , 10 , 10 , 10000 , 3 , 0.6375 , 4 , 5 , 3 , 4 , 
MDP , 1 , 1 , 0.6 , 0.6 , 10 , 10 , 10000 , 3 , 0.9855 , 8 , 3 , 3 , 3 , 
MDP , 1 , 1 , 0.6 , 0.6 , 10 , 10 , 10000 , 3 , 0.8493 , 5 , 4 , 2 , 3 , 
MDP , 1 , 1 , 0.6 , 0.6 , 10 , 10 , 10000 , 3 , 0.9173 , 7 , 5 , 2 , 4 , 
MDP , 1 , 1 , 0.6 , 0.6 , 10 , 10 , 10000 , 3 , 0.261 , 2 , 5 , 3 , 5 , 
MDP , 1 , 1 , 0.6 , 0.6 , 10 , 10 , 10000 , 3 , 0.9439 , 5 , 2 , 3 , 4 , 
MDP , 1 , 1 , 0.6 , 0.6 , 10 , 10 , 10000 , 3 , 0.9846 , 7 , 2 , 4 , 3 , 
MDP , 1 , 1 , 0.6 , 0.6 , 10 , 10 , 10000 , 3 , 0.9862 , 9 , 4 , 10 , 7 , 
MDP , 1 , 1 , 0.6 , 0.6 , 10 , 10 , 10000 , 3 , 0.9865 , 7 , 2 , 1 , 4 , 
MDP , 1 , 1 , 0.6 , 0.6 , 10 , 10 , 10000 , 3 , 0.9185 , 7 , 5 , 4 , 3 , 
MDP , 1 , 1 , 0.6 , 0.6 , 10 , 10 , 10000 , 3 , 0.5801 , 3 , 4 , 4 , 3 , 
MDP , 1 , 1 , 0.6 , 0.6 , 10 , 10 , 10000 , 3 , 0.8223 , 4 , 3 , 7 , 1 , 
MDP , 1 , 1 , 0.6 , 0.6 , 10 , 10 , 10000 , 3 , 0.9423 , 5 , 2 , 6 , 4 , 
MDP , 1 , 1 , 0.6 , 0.6 , 10 , 10 , 10000 , 3 , 0.9191 , 7 , 5 , 4 , 4 , 
MDP , 1 , 1 , 0.6 , 0.6 , 10 , 10 , 10000 , 3 , 0.9513 , 7 , 4 , 4 , 6 , 
MDP , 1 , 1 , 0.6 , 0.6 , 10 , 10 , 10000 , 3 , 0.9479 , 5 , 2 , 6 , 3 , 
MDP , 1 , 1 , 0.6 , 0.6 , 10 , 10 , 10000 , 3 , 0.9028 , 4 , 2 , 2 , 4 , 
MDP , 1 , 1 , 0.6 , 0.6 , 10 , 10 , 10000 , 3 , 0.6939 , 5 , 6 , 4 , 2 , 
MDP , 1 , 1 , 0.6 , 0.6 , 10 , 10 , 10000 , 3 , 0.9987 , 10 , 2 , 4 , 4 , 
MDP , 1 , 1 , 0.6 , 0.6 , 10 , 10 , 10000 , 3 , 0.947 , 6 , 3 , 7 , 4 , 
MDP , 1 , 1 , 0.6 , 0.6 , 10 , 10 , 10000 , 3 , 0.7223 , 6 , 7 , 3 , 3 , 
MDP , 1 , 1 , 0.6 , 0.6 , 10 , 10 , 10000 , 3 , 0.8221 , 4 , 3 , 7 , 5 , 
MDP , 1 , 1 , 0.6 , 0.6 , 10 , 10 , 10000 , 3 , 0.776 , 8 , 9 , 2 , 4 , 
MDP , 1 , 1 , 0.6 , 0.6 , 10 , 10 , 10000 , 3 , 0.2837 , 3 , 7 , 1 , 4 , 
MDP , 1 , 1 , 0.6 , 0.6 , 10 , 10 , 10000 , 3 , 0.6373 , 4 , 5 , 4 , 2 , 
MDP , 1 , 1 , 0.6 , 0.6 , 10 , 10 , 10000 , 3 , 0.9494 , 6 , 3 , 5 , 4 , 
MDP , 1 , 1 , 0.6 , 0.6 , 10 , 10 , 10000 , 3 , 0.9162 , 7 , 5 , 3 , 2 , 
MDP , 1 , 1 , 0.6 , 0.6 , 10 , 10 , 10000 , 3 , 0.9983 , 12 , 4 , 1 , 3 , 
MDP , 1 , 1 , 0.6 , 0.6 , 10 , 10 , 10000 , 3 , 0.7275 , 6 , 7 , 3 , 2 , 
MDP , 1 , 1 , 0.6 , 0.6 , 10 , 10 , 10000 , 3 , 0.2609 , 2 , 5 , 1 , 3 , 
MDP , 1 , 1 , 0.6 , 0.6 , 10 , 10 , 10000 , 3 , 0.4669 , 3 , 5 , 7 , 3 , 
MDP , 1 , 1 , 0.6 , 0.6 , 10 , 10 , 10000 , 3 , 0.8619 , 6 , 5 , 1 , 4 , 
MDP , 1 , 1 , 0.6 , 0.6 , 10 , 10 , 10000 , 3 , 0.9879 , 11 , 6 , 7 , 3 , 
MDP , 1 , 1 , 0.6 , 0.6 , 10 , 10 , 10000 , 3 , 0.931 , 8 , 6 , 4 , 4 , 
MDP , 1 , 1 , 0.6 , 0.6 , 10 , 10 , 10000 , 3 , 0.861 , 6 , 5 , 3 , 2 , 
MDP , 1 , 1 , 0.6 , 0.6 , 10 , 10 , 10000 , 3 , 0.8446 , 5 , 4 , 5 , 5 , 
MDP , 1 , 1 , 0.6 , 0.6 , 10 , 10 , 10000 , 3 , 0.7388 , 4 , 4 , 4 , 3 , 
MDP , 1 , 1 , 0.6 , 0.6 , 10 , 10 , 10000 , 3 , 0.9699 , 6 , 2 , 5 , 2 , 
MDP , 1 , 1 , 0.6 , 0.6 , 10 , 10 , 10000 , 3 , 0.9146 , 6 , 4 , 3 , 3 , 
MDP , 1 , 1 , 0.6 , 0.6 , 10 , 10 , 10000 , 3 , 0.6445 , 6 , 8 , 3 , 4 , 
MDP , 1 , 1 , 0.6 , 0.6 , 10 , 10 , 10000 , 3 , 0.5002 , 5 , 8 , 6 , 4 , 
MDP , 1 , 1 , 0.6 , 0.6 , 10 , 10 , 10000 , 3 , 0.8928 , 4 , 2 , 8 , 4 , 
MDP , 1 , 1 , 0.6 , 0.6 , 10 , 10 , 10000 , 3 , 0.8694 , 6 , 5 , 6 , 2 , 
MDP , 1 , 1 , 0.6 , 0.6 , 10 , 10 , 10000 , 3 , 0.6884 , 5 , 6 , 5 , 2 , 
MDP , 1 , 1 , 0.6 , 0.6 , 10 , 10 , 10000 , 3 , 0.7741 , 5 , 5 , 1 , 2 , 
MDP , 1 , 1 , 0.6 , 0.6 , 10 , 10 , 10000 , 3 , 0.9864 , 7 , 2 , 2 , 2 , 
MDP , 1 , 1 , 0.6 , 0.6 , 10 , 10 , 10000 , 3 , 0.9548 , 7 , 4 , 3 , 3 , 
MDP , 1 , 1 , 0.6 , 0.6 , 10 , 10 , 10000 , 3 , 0.5876 , 3 , 4 , 2 , 2 , 
MDP , 1 , 1 , 0.6 , 0.6 , 10 , 10 , 10000 , 3 , 0.8524 , 5 , 4 , 3 , 2 , 
MDP , 1 , 1 , 0.6 , 0.6 , 10 , 10 , 10000 , 3 , 0.2045 , 3 , 8 , 6 , 2 , 
MDP , 1 , 1 , 0.6 , 0.6 , 10 , 10 , 10000 , 3 , 0.9234 , 7 , 5 , 3 , 2 , 
MDP , 1 , 1 , 0.6 , 0.6 , 10 , 10 , 10000 , 3 , 0.6817 , 3 , 3 , 1 , 3 , 
MDP , 1 , 1 , 0.6 , 0.6 , 10 , 10 , 10000 , 3 , 0.8936 , 4 , 2 , 4 , 1 , 
MDP , 1 , 1 , 0.6 , 0.6 , 10 , 10 , 10000 , 3 , 0.9916 , 8 , 2 , 2 , 3 , 
MDP , 1 , 1 , 0.6 , 0.6 , 10 , 10 , 10000 , 3 , 0.5363 , 4 , 6 , 4 , 3 , 
MDP , 1 , 1 , 0.6 , 0.6 , 10 , 10 , 10000 , 3 , 0.5894 , 5 , 7 , 5 , 5 , 
MDP , 1 , 1 , 0.6 , 0.6 , 10 , 10 , 10000 , 3 , 0.8498 , 5 , 4 , 5 , 4 , 
MDP , 1 , 1 , 0.6 , 0.6 , 10 , 10 , 10000 , 3 , 0.6276 , 2 , 2 , 4 , 3 , 
MDP , 1 , 1 , 0.6 , 0.6 , 10 , 10 , 10000 , 3 , 0.9259 , 7 , 5 , 4 , 4 , 
MDP , 1 , 1 , 0.6 , 0.6 , 10 , 10 , 10000 , 3 , 0.9545 , 7 , 4 , 5 , 5 , 
MDP , 1 , 1 , 0.6 , 0.6 , 10 , 10 , 10000 , 3 , 0.8272 , 4 , 3 , 3 , 1 , 
MDP , 1 , 1 , 0.6 , 0.6 , 10 , 10 , 10000 , 3 , 0.9887 , 11 , 6 , 3 , 4 , 
MDP , 1 , 1 , 0.6 , 0.6 , 10 , 10 , 10000 , 3 , 0.693 , 5 , 6 , 4 , 4 , 
MDP , 1 , 1 , 0.6 , 0.6 , 10 , 10 , 10000 , 3 , 0.9265 , 8 , 6 , 1 , 4 , 
MDP , 1 , 1 , 0.6 , 0.6 , 10 , 10 , 10000 , 3 , 0.7402 , 4 , 4 , 4 , 7 , 
MDP , 1 , 1 , 0.6 , 0.6 , 10 , 10 , 10000 , 3 , 0.9464 , 7 , 4 , 4 , 5 , 
MDP , 1 , 1 , 0.6 , 0.6 , 10 , 10 , 10000 , 3 , 0.6866 , 5 , 6 , 5 , 5 , 
MDP , 1 , 1 , 0.6 , 0.6 , 10 , 10 , 10000 , 3 , 0.8222 , 7 , 7 , 2 , 1 , 
MDP , 1 , 1 , 0.6 , 0.6 , 10 , 10 , 10000 , 3 , 0.987 , 7 , 2 , 8 , 3 , 
MDP , 1 , 1 , 0.6 , 0.6 , 10 , 10 , 10000 , 3 , 0.6378 , 4 , 5 , 2 , 1 , 
MDP , 1 , 1 , 0.6 , 0.6 , 10 , 10 , 10000 , 3 , 0.975 , 8 , 4 , 7 , 4 , 
MDP , 1 , 1 , 0.6 , 0.6 , 10 , 10 , 10000 , 3 , 0.9851 , 6 , 1 , 3 , 3 , 
MDP , 1 , 1 , 0.6 , 0.6 , 10 , 10 , 10000 , 3 , 0.208 , 3 , 8 , 5 , 6 , 
MDP , 1 , 1 , 0.6 , 0.6 , 10 , 10 , 10000 , 3 , 0.8258 , 4 , 3 , 3 , 4 , 
MDP , 1 , 1 , 0.65 , 0.65 , 10 , 10 , 10000 , 3 , 0.9926 , 11 , 5 , 2 , 3 , 
MDP , 1 , 1 , 0.65 , 0.65 , 10 , 10 , 10000 , 3 , 0.9115 , 6 , 4 , 4 , 7 , 
MDP , 1 , 1 , 0.65 , 0.65 , 10 , 10 , 10000 , 3 , 0.9235 , 7 , 5 , 6 , 5 , 
MDP , 1 , 1 , 0.65 , 0.65 , 10 , 10 , 10000 , 3 , 0.6154 , 2 , 2 , 2 , 2 , 
MDP , 1 , 1 , 0.65 , 0.65 , 10 , 10 , 10000 , 3 , 0.9727 , 7 , 3 , 8 , 2 , 
MDP , 1 , 1 , 0.65 , 0.65 , 10 , 10 , 10000 , 3 , 0.8996 , 5 , 3 , 3 , 4 , 
MDP , 1 , 1 , 0.65 , 0.65 , 10 , 10 , 10000 , 3 , 0.9751 , 7 , 3 , 4 , 3 , 
MDP , 1 , 1 , 0.65 , 0.65 , 10 , 10 , 10000 , 3 , 0.9035 , 5 , 3 , 3 , 4 , 
MDP , 1 , 1 , 0.65 , 0.65 , 10 , 10 , 10000 , 3 , 0.8466 , 5 , 4 , 4 , 5 , 
MDP , 1 , 1 , 0.65 , 0.65 , 10 , 10 , 10000 , 3 , 0.7936 , 3 , 2 , 8 , 3 , 
MDP , 1 , 1 , 0.65 , 0.65 , 10 , 10 , 10000 , 3 , 0.8825 , 7 , 6 , 4 , 5 , 
MDP , 1 , 1 , 0.65 , 0.65 , 10 , 10 , 10000 , 3 , 0.974 , 9 , 5 , 3 , 5 , 
MDP , 1 , 1 , 0.65 , 0.65 , 10 , 10 , 10000 , 3 , 0.9886 , 10 , 5 , 5 , 1 , 
MDP , 1 , 1 , 0.65 , 0.65 , 10 , 10 , 10000 , 3 , 0.9915 , 8 , 2 , 4 , 3 , 
MDP , 1 , 1 , 0.65 , 0.65 , 10 , 10 , 10000 , 3 , 0.9928 , 11 , 5 , 2 , 2 , 
MDP , 1 , 1 , 0.65 , 0.65 , 10 , 10 , 10000 , 3 , 0.9537 , 7 , 4 , 4 , 6 , 
MDP , 1 , 1 , 0.65 , 0.65 , 10 , 10 , 10000 , 3 , 0.9129 , 6 , 4 , 5 , 2 , 
MDP , 1 , 1 , 0.65 , 0.65 , 10 , 10 , 10000 , 3 , 0.9595 , 10 , 7 , 2 , 2 , 
MDP , 1 , 1 , 0.65 , 0.65 , 10 , 10 , 10000 , 3 , 0.8884 , 4 , 2 , 4 , 2 , 
MDP , 1 , 1 , 0.65 , 0.65 , 10 , 10 , 10000 , 3 , 0.9745 , 8 , 4 , 2 , 2 , 
MDP , 1 , 1 , 0.65 , 0.65 , 10 , 10 , 10000 , 3 , 0.9049 , 5 , 3 , 4 , 4 , 
MDP , 1 , 1 , 0.65 , 0.65 , 10 , 10 , 10000 , 3 , 0.9745 , 9 , 5 , 4 , 3 , 
MDP , 1 , 1 , 0.65 , 0.65 , 10 , 10 , 10000 , 3 , 0.9853 , 8 , 3 , 5 , 4 , 
MDP , 1 , 1 , 0.65 , 0.65 , 10 , 10 , 10000 , 3 , 0.7969 , 6 , 6 , 3 , 4 , 
MDP , 1 , 1 , 0.65 , 0.65 , 10 , 10 , 10000 , 3 , 0.9879 , 10 , 5 , 5 , 3 , 
MDP , 1 , 1 , 0.65 , 0.65 , 10 , 10 , 10000 , 3 , 0.994 , 10 , 4 , 8 , 1 , 
MDP , 1 , 1 , 0.65 , 0.65 , 10 , 10 , 10000 , 3 , 0.7961 , 3 , 2 , 5 , 4 , 
MDP , 1 , 1 , 0.65 , 0.65 , 10 , 10 , 10000 , 3 , 0.7264 , 6 , 7 , 2 , 2 , 
MDP , 1 , 1 , 0.65 , 0.65 , 10 , 10 , 10000 , 3 , 0.6421 , 4 , 5 , 9 , 2 , 
MDP , 1 , 1 , 0.65 , 0.65 , 10 , 10 , 10000 , 3 , 0.7696 , 5 , 5 , 1 , 2 , 
MDP , 1 , 1 , 0.65 , 0.65 , 10 , 10 , 10000 , 3 , 0.8514 , 5 , 4 , 8 , 2 , 
MDP , 1 , 1 , 0.65 , 0.65 , 10 , 10 , 10000 , 3 , 0.7256 , 6 , 7 , 4 , 3 , 
MDP , 1 , 1 , 0.65 , 0.65 , 10 , 10 , 10000 , 3 , 0.9884 , 10 , 5 , 4 , 4 , 
MDP , 1 , 1 , 0.65 , 0.65 , 10 , 10 , 10000 , 3 , 0.9982 , 11 , 3 , 4 , 5 , 
MDP , 1 , 1 , 0.65 , 0.65 , 10 , 10 , 10000 , 3 , 0.6314 , 4 , 5 , 3 , 2 , 
MDP , 1 , 1 , 0.65 , 0.65 , 10 , 10 , 10000 , 3 , 0.9925 , 8 , 2 , 6 , 4 , 
MDP , 1 , 1 , 0.65 , 0.65 , 10 , 10 , 10000 , 3 , 0.9139 , 6 , 4 , 4 , 5 , 
MDP , 1 , 1 , 0.65 , 0.65 , 10 , 10 , 10000 , 3 , 0.9754 , 9 , 5 , 5 , 2 , 
MDP , 1 , 1 , 0.65 , 0.65 , 10 , 10 , 10000 , 3 , 0.4852 , 2 , 3 , 2 , 3 , 
MDP , 1 , 1 , 0.65 , 0.65 , 10 , 10 , 10000 , 3 , 0.9505 , 6 , 3 , 5 , 2 , 
MDP , 1 , 1 , 0.65 , 0.65 , 10 , 10 , 10000 , 3 , 0.9537 , 8 , 5 , 4 , 6 , 
MDP , 1 , 1 , 0.65 , 0.65 , 10 , 10 , 10000 , 3 , 0.7701 , 5 , 5 , 3 , 2 , 
MDP , 1 , 1 , 0.65 , 0.65 , 10 , 10 , 10000 , 3 , 0.9728 , 8 , 4 , 7 , 4 , 
MDP , 1 , 1 , 0.65 , 0.65 , 10 , 10 , 10000 , 3 , 0.8633 , 6 , 5 , 8 , 2 , 
MDP , 1 , 1 , 0.65 , 0.65 , 10 , 10 , 10000 , 3 , 0.9546 , 6 , 3 , 4 , 4 , 
MDP , 1 , 1 , 0.65 , 0.65 , 10 , 10 , 10000 , 3 , 0.09 , 2 , 8 , 14 , 4 , 
MDP , 1 , 1 , 0.65 , 0.65 , 10 , 10 , 10000 , 3 , 0.985 , 8 , 3 , 2 , 4 , 
MDP , 1 , 1 , 0.65 , 0.65 , 10 , 10 , 10000 , 3 , 0.3621 , 2 , 4 , 1 , 3 , 
MDP , 1 , 1 , 0.65 , 0.65 , 10 , 10 , 10000 , 3 , 0.9598 , 8 , 5 , 5 , 3 , 
MDP , 1 , 1 , 0.65 , 0.65 , 10 , 10 , 10000 , 3 , 0.6903 , 3 , 3 , 1 , 2 , 
MDP , 1 , 1 , 0.65 , 0.65 , 10 , 10 , 10000 , 3 , 0.6362 , 4 , 5 , 3 , 2 , 
MDP , 1 , 1 , 0.65 , 0.65 , 10 , 10 , 10000 , 3 , 0.9955 , 11 , 5 , 10 , 3 , 
MDP , 1 , 1 , 0.65 , 0.65 , 10 , 10 , 10000 , 3 , 0.9202 , 7 , 5 , 7 , 4 , 
MDP , 1 , 1 , 0.65 , 0.65 , 10 , 10 , 10000 , 3 , 0.9743 , 8 , 4 , 4 , 2 , 
MDP , 1 , 1 , 0.65 , 0.65 , 10 , 10 , 10000 , 3 , 0.682 , 7 , 9 , 2 , 3 , 
MDP , 1 , 1 , 0.65 , 0.65 , 10 , 10 , 10000 , 3 , 0.9918 , 8 , 2 , 5 , 2 , 
MDP , 1 , 1 , 0.65 , 0.65 , 10 , 10 , 10000 , 3 , 0.9995 , 13 , 3 , 7 , 1 , 
MDP , 1 , 1 , 0.65 , 0.65 , 10 , 10 , 10000 , 3 , 0.6821 , 5 , 6 , 2 , 3 , 
MDP , 1 , 1 , 0.65 , 0.65 , 10 , 10 , 10000 , 3 , 0.9254 , 7 , 5 , 5 , 4 , 
MDP , 1 , 1 , 0.65 , 0.65 , 10 , 10 , 10000 , 3 , 0.996 , 10 , 3 , 3 , 1 , 
MDP , 1 , 1 , 0.65 , 0.65 , 10 , 10 , 10000 , 3 , 0.9151 , 6 , 4 , 3 , 4 , 
MDP , 1 , 1 , 0.65 , 0.65 , 10 , 10 , 10000 , 3 , 0.874 , 7 , 6 , 7 , 1 , 
MDP , 1 , 1 , 0.65 , 0.65 , 10 , 10 , 10000 , 3 , 0.9718 , 6 , 2 , 4 , 1 , 
MDP , 1 , 1 , 0.65 , 0.65 , 10 , 10 , 10000 , 3 , 0.922 , 7 , 5 , 1 , 4 , 
MDP , 1 , 1 , 0.65 , 0.65 , 10 , 10 , 10000 , 3 , 0.5337 , 4 , 6 , 4 , 1 , 
MDP , 1 , 1 , 0.65 , 0.65 , 10 , 10 , 10000 , 3 , 0.7408 , 4 , 4 , 12 , 3 , 
MDP , 1 , 1 , 0.65 , 0.65 , 10 , 10 , 10000 , 3 , 0.9925 , 9 , 3 , 3 , 2 , 
MDP , 1 , 1 , 0.65 , 0.65 , 10 , 10 , 10000 , 3 , 0.8847 , 7 , 6 , 6 , 3 , 
MDP , 1 , 1 , 0.65 , 0.65 , 10 , 10 , 10000 , 3 , 0.632 , 4 , 5 , 8 , 2 , 
MDP , 1 , 1 , 0.65 , 0.65 , 10 , 10 , 10000 , 3 , 0.947 , 5 , 2 , 4 , 7 , 
MDP , 1 , 1 , 0.65 , 0.65 , 10 , 10 , 10000 , 3 , 0.9777 , 11 , 7 , 5 , 3 , 
MDP , 1 , 1 , 0.65 , 0.65 , 10 , 10 , 10000 , 3 , 0.9561 , 8 , 5 , 5 , 4 , 
MDP , 1 , 1 , 0.65 , 0.65 , 10 , 10 , 10000 , 3 , 0.9708 , 8 , 4 , 4 , 3 , 
MDP , 1 , 1 , 0.65 , 0.65 , 10 , 10 , 10000 , 3 , 0.9755 , 8 , 4 , 3 , 2 , 
MDP , 1 , 1 , 0.65 , 0.65 , 10 , 10 , 10000 , 3 , 0.9878 , 9 , 4 , 3 , 2 , 
MDP , 1 , 1 , 0.65 , 0.65 , 10 , 10 , 10000 , 3 , 0.9968 , 9 , 2 , 7 , 1 , 
MDP , 1 , 1 , 0.65 , 0.65 , 10 , 10 , 10000 , 3 , 0.9338 , 9 , 7 , 2 , 1 , 
MDP , 1 , 1 , 0.65 , 0.65 , 10 , 10 , 10000 , 3 , 0.8258 , 7 , 7 , 3 , 2 , 
MDP , 1 , 1 , 0.65 , 0.65 , 10 , 10 , 10000 , 3 , 0.9548 , 7 , 4 , 6 , 3 , 
MDP , 1 , 1 , 0.65 , 0.65 , 10 , 10 , 10000 , 3 , 0.2241 , 1 , 3 , 4 , 4 , 
MDP , 1 , 1 , 0.65 , 0.65 , 10 , 10 , 10000 , 3 , 0.9857 , 8 , 3 , 7 , 3 , 
MDP , 1 , 1 , 0.65 , 0.65 , 10 , 10 , 10000 , 3 , 0.9835 , 8 , 3 , 2 , 4 , 
MDP , 1 , 1 , 0.65 , 0.65 , 10 , 10 , 10000 , 3 , 0.5815 , 3 , 4 , 3 , 1 , 
MDP , 1 , 1 , 0.65 , 0.65 , 10 , 10 , 10000 , 3 , 0.9059 , 5 , 3 , 3 , 2 , 
MDP , 1 , 1 , 0.65 , 0.65 , 10 , 10 , 10000 , 3 , 0.9864 , 7 , 2 , 7 , 4 , 
MDP , 1 , 1 , 0.65 , 0.65 , 10 , 10 , 10000 , 3 , 0.6854 , 5 , 6 , 7 , 5 , 
MDP , 1 , 1 , 0.65 , 0.65 , 10 , 10 , 10000 , 3 , 0.7746 , 5 , 5 , 4 , 4 , 
MDP , 1 , 1 , 0.65 , 0.65 , 10 , 10 , 10000 , 3 , 0.9854 , 8 , 3 , 1 , 3 , 
MDP , 1 , 1 , 0.65 , 0.65 , 10 , 10 , 10000 , 3 , 0.9503 , 6 , 3 , 2 , 2 , 
MDP , 1 , 1 , 0.65 , 0.65 , 10 , 10 , 10000 , 3 , 0.9444 , 5 , 2 , 2 , 4 , 
MDP , 1 , 1 , 0.65 , 0.65 , 10 , 10 , 10000 , 3 , 0.9728 , 7 , 3 , 7 , 3 , 
MDP , 1 , 1 , 0.65 , 0.65 , 10 , 10 , 10000 , 3 , 0.5953 , 5 , 7 , 2 , 6 , 
MDP , 1 , 1 , 0.65 , 0.65 , 10 , 10 , 10000 , 3 , 0.9184 , 7 , 5 , 6 , 3 , 
MDP , 1 , 1 , 0.65 , 0.65 , 10 , 10 , 10000 , 3 , 0.9922 , 10 , 4 , 4 , 2 , 
MDP , 1 , 1 , 0.65 , 0.65 , 10 , 10 , 10000 , 3 , 0.8913 , 4 , 2 , 8 , 6 , 
MDP , 1 , 1 , 0.65 , 0.65 , 10 , 10 , 10000 , 3 , 0.9054 , 5 , 3 , 7 , 4 , 
MDP , 1 , 1 , 0.65 , 0.65 , 10 , 10 , 10000 , 3 , 0.9999 , 14 , 2 , 4 , 3 , 
MDP , 1 , 1 , 0.65 , 0.65 , 10 , 10 , 10000 , 3 , 0.9855 , 9 , 4 , 3 , 3 , 
MDP , 1 , 1 , 0.65 , 0.65 , 10 , 10 , 10000 , 3 , 0.93 , 8 , 6 , 5 , 3 , 
MDP , 1 , 1 , 0.65 , 0.65 , 10 , 10 , 10000 , 3 , 0.9736 , 9 , 5 , 10 , 1 , 
MDP , 1 , 1 , 0.7 , 0.7 , 10 , 10 , 10000 , 3 , 0.9926 , 11 , 5 , 2 , 3 , 
MDP , 1 , 1 , 0.7 , 0.7 , 10 , 10 , 10000 , 3 , 0.8502 , 5 , 4 , 5 , 5 , 
MDP , 1 , 1 , 0.7 , 0.7 , 10 , 10 , 10000 , 3 , 0.8453 , 5 , 4 , 5 , 6 , 
MDP , 1 , 1 , 0.7 , 0.7 , 10 , 10 , 10000 , 3 , 0.8242 , 4 , 3 , 1 , 3 , 
MDP , 1 , 1 , 0.7 , 0.7 , 10 , 10 , 10000 , 3 , 0.9176 , 7 , 5 , 1 , 3 , 
MDP , 1 , 1 , 0.7 , 0.7 , 10 , 10 , 10000 , 3 , 0.9874 , 9 , 4 , 6 , 2 , 
MDP , 1 , 1 , 0.7 , 0.7 , 10 , 10 , 10000 , 3 , 0.9931 , 8 , 2 , 4 , 2 , 
MDP , 1 , 1 , 0.7 , 0.7 , 10 , 10 , 10000 , 3 , 0.9035 , 5 , 3 , 7 , 4 , 
MDP , 1 , 1 , 0.7 , 0.7 , 10 , 10 , 10000 , 3 , 0.8618 , 6 , 5 , 1 , 4 , 
MDP , 1 , 1 , 0.7 , 0.7 , 10 , 10 , 10000 , 3 , 0.9922 , 9 , 3 , 4 , 3 , 
MDP , 1 , 1 , 0.7 , 0.7 , 10 , 10 , 10000 , 3 , 0.9365 , 4 , 1 , 10 , 2 , 
MDP , 1 , 1 , 0.7 , 0.7 , 10 , 10 , 10000 , 3 , 0.5952 , 5 , 7 , 2 , 2 , 
MDP , 1 , 1 , 0.7 , 0.7 , 10 , 10 , 10000 , 3 , 0.9727 , 7 , 3 , 4 , 1 , 
MDP , 1 , 1 , 0.7 , 0.7 , 10 , 10 , 10000 , 3 , 0.7879 , 8 , 9 , 3 , 5 , 
MDP , 1 , 1 , 0.7 , 0.7 , 10 , 10 , 10000 , 3 , 0.9926 , 11 , 5 , 5 , 3 , 
MDP , 1 , 1 , 0.7 , 0.7 , 10 , 10 , 10000 , 3 , 0.9693 , 7 , 3 , 4 , 4 , 
MDP , 1 , 1 , 0.7 , 0.7 , 10 , 10 , 10000 , 3 , 0.9964 , 10 , 3 , 6 , 3 , 
MDP , 1 , 1 , 0.7 , 0.7 , 10 , 10 , 10000 , 3 , 0.8767 , 7 , 6 , 10 , 3 , 
MDP , 1 , 1 , 0.7 , 0.7 , 10 , 10 , 10000 , 3 , 0.9248 , 7 , 5 , 10 , 1 , 
MDP , 1 , 1 , 0.7 , 0.7 , 10 , 10 , 10000 , 3 , 0.9527 , 7 , 4 , 1 , 2 , 
MDP , 1 , 1 , 0.7 , 0.7 , 10 , 10 , 10000 , 3 , 0.9528 , 7 , 4 , 4 , 3 , 
MDP , 1 , 1 , 0.7 , 0.7 , 10 , 10 , 10000 , 3 , 0.9155 , 6 , 4 , 3 , 3 , 
MDP , 1 , 1 , 0.7 , 0.7 , 10 , 10 , 10000 , 3 , 0.9924 , 8 , 2 , 5 , 1 , 
MDP , 1 , 1 , 0.7 , 0.7 , 10 , 10 , 10000 , 3 , 0.9973 , 10 , 3 , 3 , 1 , 
MDP , 1 , 1 , 0.7 , 0.7 , 10 , 10 , 10000 , 3 , 0.145 , 1 , 4 , 6 , 3 , 
MDP , 1 , 1 , 0.7 , 0.7 , 10 , 10 , 10000 , 3 , 0.9964 , 8 , 1 , 1 , 2 , 
MDP , 1 , 1 , 0.7 , 0.7 , 10 , 10 , 10000 , 3 , 0.9721 , 8 , 4 , 6 , 2 , 
MDP , 1 , 1 , 0.7 , 0.7 , 10 , 10 , 10000 , 3 , 0.9861 , 8 , 3 , 1 , 2 , 
MDP , 1 , 1 , 0.7 , 0.7 , 10 , 10 , 10000 , 3 , 0.9118 , 6 , 4 , 6 , 5 , 
MDP , 1 , 1 , 0.7 , 0.7 , 10 , 10 , 10000 , 3 , 0.9927 , 9 , 3 , 4 , 3 , 
MDP , 1 , 1 , 0.7 , 0.7 , 10 , 10 , 10000 , 3 , 0.9535 , 8 , 5 , 7 , 2 , 
MDP , 1 , 1 , 0.7 , 0.7 , 10 , 10 , 10000 , 3 , 0.9271 , 8 , 6 , 6 , 3 , 
MDP , 1 , 1 , 0.7 , 0.7 , 10 , 10 , 10000 , 3 , 0.9988 , 11 , 2 , 8 , 3 , 
MDP , 1 , 1 , 0.7 , 0.7 , 10 , 10 , 10000 , 3 , 0.9726 , 8 , 4 , 4 , 3 , 
MDP , 1 , 1 , 0.7 , 0.7 , 10 , 10 , 10000 , 3 , 0.9872 , 8 , 3 , 12 , 4 , 
MDP , 1 , 1 , 0.7 , 0.7 , 10 , 10 , 10000 , 3 , 0.9721 , 7 , 3 , 11 , 3 , 
MDP , 1 , 1 , 0.7 , 0.7 , 10 , 10 , 10000 , 3 , 0.9927 , 9 , 3 , 2 , 3 , 
MDP , 1 , 1 , 0.7 , 0.7 , 10 , 10 , 10000 , 3 , 0.5907 , 5 , 7 , 5 , 2 , 
MDP , 1 , 1 , 0.7 , 0.7 , 10 , 10 , 10000 , 3 , 0.998 , 11 , 3 , 2 , 1 , 
MDP , 1 , 1 , 0.7 , 0.7 , 10 , 10 , 10000 , 3 , 0.8498 , 5 , 4 , 2 , 3 , 
MDP , 1 , 1 , 0.7 , 0.7 , 10 , 10 , 10000 , 3 , 0.9164 , 6 , 4 , 3 , 4 , 
MDP , 1 , 1 , 0.7 , 0.7 , 10 , 10 , 10000 , 3 , 0.9888 , 8 , 3 , 4 , 3 , 
MDP , 1 , 1 , 0.7 , 0.7 , 10 , 10 , 10000 , 3 , 0.9854 , 6 , 1 , 6 , 1 , 
MDP , 1 , 1 , 0.7 , 0.7 , 10 , 10 , 10000 , 3 , 0.9924 , 9 , 3 , 6 , 3 , 
MDP , 1 , 1 , 0.7 , 0.7 , 10 , 10 , 10000 , 3 , 0.0216 , 1 , 8 , 8 , 3 , 
MDP , 1 , 1 , 0.7 , 0.7 , 10 , 10 , 10000 , 3 , 0.9177 , 7 , 5 , 4 , 2 , 
MDP , 1 , 1 , 0.7 , 0.7 , 10 , 10 , 10000 , 3 , 0.9844 , 7 , 2 , 1 , 4 , 
MDP , 1 , 1 , 0.7 , 0.7 , 10 , 10 , 10000 , 3 , 0.9864 , 8 , 3 , 6 , 2 , 
MDP , 1 , 1 , 0.7 , 0.7 , 10 , 10 , 10000 , 3 , 0.9551 , 7 , 4 , 7 , 1 , 
MDP , 1 , 1 , 0.7 , 0.7 , 10 , 10 , 10000 , 3 , 0.9864 , 11 , 6 , 5 , 3 , 
MDP , 1 , 1 , 0.7 , 0.7 , 10 , 10 , 10000 , 3 , 0.6449 , 4 , 5 , 10 , 7 , 
MDP , 1 , 1 , 0.7 , 0.7 , 10 , 10 , 10000 , 3 , 0.9931 , 9 , 3 , 5 , 4 , 
MDP , 1 , 1 , 0.7 , 0.7 , 10 , 10 , 10000 , 3 , 0.9851 , 8 , 3 , 8 , 1 , 
MDP , 1 , 1 , 0.7 , 0.7 , 10 , 10 , 10000 , 3 , 0.9697 , 6 , 2 , 5 , 3 , 
MDP , 1 , 1 , 0.7 , 0.7 , 10 , 10 , 10000 , 3 , 0.7954 , 3 , 2 , 2 , 2 , 
MDP , 1 , 1 , 0.7 , 0.7 , 10 , 10 , 10000 , 3 , 0.974 , 8 , 4 , 2 , 5 , 
MDP , 1 , 1 , 0.7 , 0.7 , 10 , 10 , 10000 , 3 , 0.9912 , 12 , 6 , 3 , 2 , 
MDP , 1 , 1 , 0.7 , 0.7 , 10 , 10 , 10000 , 3 , 0.9854 , 8 , 3 , 8 , 2 , 
MDP , 1 , 1 , 0.7 , 0.7 , 10 , 10 , 10000 , 3 , 0.9498 , 6 , 3 , 2 , 3 , 
MDP , 1 , 1 , 0.7 , 0.7 , 10 , 10 , 10000 , 3 , 0.9844 , 7 , 2 , 8 , 3 , 
MDP , 1 , 1 , 0.7 , 0.7 , 10 , 10 , 10000 , 3 , 0.9871 , 7 , 2 , 2 , 1 , 
MDP , 1 , 1 , 0.7 , 0.7 , 10 , 10 , 10000 , 3 , 0.9006 , 4 , 2 , 8 , 3 , 
MDP , 1 , 1 , 0.7 , 0.7 , 10 , 10 , 10000 , 3 , 0.9564 , 7 , 4 , 9 , 4 , 
MDP , 1 , 1 , 0.7 , 0.7 , 10 , 10 , 10000 , 3 , 0.9188 , 7 , 5 , 8 , 1 , 
MDP , 1 , 1 , 0.7 , 0.7 , 10 , 10 , 10000 , 3 , 0.9513 , 6 , 3 , 6 , 2 , 
MDP , 1 , 1 , 0.7 , 0.7 , 10 , 10 , 10000 , 3 , 0.9846 , 7 , 2 , 6 , 1 , 
MDP , 1 , 1 , 0.7 , 0.7 , 10 , 10 , 10000 , 3 , 0.9884 , 10 , 5 , 3 , 3 , 
MDP , 1 , 1 , 0.7 , 0.7 , 10 , 10 , 10000 , 3 , 0.648 , 4 , 5 , 4 , 5 , 
MDP , 1 , 1 , 0.7 , 0.7 , 10 , 10 , 10000 , 3 , 0.8669 , 6 , 5 , 3 , 4 , 
MDP , 1 , 1 , 0.7 , 0.7 , 10 , 10 , 10000 , 3 , 0.9932 , 9 , 3 , 10 , 5 , 
MDP , 1 , 1 , 0.7 , 0.7 , 10 , 10 , 10000 , 3 , 0.993 , 8 , 2 , 9 , 5 , 
MDP , 1 , 1 , 0.7 , 0.7 , 10 , 10 , 10000 , 3 , 0.9978 , 9 , 1 , 3 , 3 , 
MDP , 1 , 1 , 0.7 , 0.7 , 10 , 10 , 10000 , 3 , 0.5412 , 4 , 6 , 5 , 3 , 
MDP , 1 , 1 , 0.7 , 0.7 , 10 , 10 , 10000 , 3 , 0.9834 , 6 , 1 , 5 , 4 , 
MDP , 1 , 1 , 0.7 , 0.7 , 10 , 10 , 10000 , 3 , 0.9709 , 5 , 1 , 6 , 5 , 
MDP , 1 , 1 , 0.7 , 0.7 , 10 , 10 , 10000 , 3 , 0.9945 , 9 , 3 , 5 , 3 , 
MDP , 1 , 1 , 0.7 , 0.7 , 10 , 10 , 10000 , 3 , 0.9174 , 6 , 4 , 2 , 4 , 
MDP , 1 , 1 , 0.7 , 0.7 , 10 , 10 , 10000 , 3 , 0.9885 , 9 , 4 , 3 , 2 , 
MDP , 1 , 1 , 0.7 , 0.7 , 10 , 10 , 10000 , 3 , 0.9981 , 13 , 5 , 6 , 1 , 
MDP , 1 , 1 , 0.7 , 0.7 , 10 , 10 , 10000 , 3 , 0.6966 , 5 , 6 , 12 , 3 , 
MDP , 1 , 1 , 0.7 , 0.7 , 10 , 10 , 10000 , 3 , 0.9495 , 6 , 3 , 8 , 4 , 
MDP , 1 , 1 , 0.7 , 0.7 , 10 , 10 , 10000 , 3 , 0.6215 , 2 , 2 , 6 , 3 , 
MDP , 1 , 1 , 0.7 , 0.7 , 10 , 10 , 10000 , 3 , 0.9752 , 8 , 4 , 6 , 3 , 
MDP , 1 , 1 , 0.7 , 0.7 , 10 , 10 , 10000 , 3 , 0.9507 , 7 , 4 , 3 , 2 , 
MDP , 1 , 1 , 0.7 , 0.7 , 10 , 10 , 10000 , 3 , 0.9049 , 5 , 3 , 4 , 3 , 
MDP , 1 , 1 , 0.7 , 0.7 , 10 , 10 , 10000 , 3 , 0.7394 , 4 , 4 , 5 , 3 , 
MDP , 1 , 1 , 0.7 , 0.7 , 10 , 10 , 10000 , 3 , 0.9873 , 9 , 4 , 2 , 3 , 
MDP , 1 , 1 , 0.7 , 0.7 , 10 , 10 , 10000 , 3 , 0.9484 , 6 , 3 , 6 , 3 , 
MDP , 1 , 1 , 0.7 , 0.7 , 10 , 10 , 10000 , 3 , 0.9849 , 9 , 4 , 7 , 4 , 
MDP , 1 , 1 , 0.7 , 0.7 , 10 , 10 , 10000 , 3 , 0.9484 , 7 , 4 , 6 , 5 , 
MDP , 1 , 1 , 0.7 , 0.7 , 10 , 10 , 10000 , 3 , 0.9736 , 8 , 4 , 9 , 4 , 
MDP , 1 , 1 , 0.7 , 0.7 , 10 , 10 , 10000 , 3 , 0.907 , 5 , 3 , 7 , 2 , 
MDP , 1 , 1 , 0.7 , 0.7 , 10 , 10 , 10000 , 3 , 0.9948 , 9 , 2 , 5 , 2 , 
MDP , 1 , 1 , 0.7 , 0.7 , 10 , 10 , 10000 , 3 , 0.9954 , 9 , 2 , 7 , 3 , 
MDP , 1 , 1 , 0.7 , 0.7 , 10 , 10 , 10000 , 3 , 0.6384 , 4 , 5 , 7 , 2 , 
MDP , 1 , 1 , 0.7 , 0.7 , 10 , 10 , 10000 , 3 , 0.9886 , 12 , 7 , 4 , 3 , 
MDP , 1 , 1 , 0.7 , 0.7 , 10 , 10 , 10000 , 3 , 0.9737 , 7 , 3 , 12 , 1 , 
MDP , 1 , 1 , 0.7 , 0.7 , 10 , 10 , 10000 , 3 , 0.987 , 9 , 4 , 9 , 3 , 
MDP , 1 , 1 , 0.7 , 0.7 , 10 , 10 , 10000 , 3 , 0.8427 , 5 , 4 , 2 , 4 , 
MDP , 1 , 1 , 0.7 , 0.7 , 10 , 10 , 10000 , 3 , 0.7343 , 4 , 4 , 4 , 1 , 
MDP , 1 , 1 , 0.75 , 0.75 , 10 , 10 , 10000 , 3 , 0.9982 , 12 , 4 , 2 , 3 , 
MDP , 1 , 1 , 0.75 , 0.75 , 10 , 10 , 10000 , 3 , 0.9954 , 10 , 3 , 5 , 1 , 
MDP , 1 , 1 , 0.75 , 0.75 , 10 , 10 , 10000 , 3 , 0.7554 , 2 , 1 , 4 , 3 , 
MDP , 1 , 1 , 0.75 , 0.75 , 10 , 10 , 10000 , 3 , 0.9555 , 8 , 5 , 3 , 4 , 
MDP , 1 , 1 , 0.75 , 0.75 , 10 , 10 , 10000 , 3 , 0.8522 , 5 , 4 , 5 , 3 , 
MDP , 1 , 1 , 0.75 , 0.75 , 10 , 10 , 10000 , 3 , 0.9986 , 10 , 2 , 2 , 2 , 
MDP , 1 , 1 , 0.75 , 0.75 , 10 , 10 , 10000 , 3 , 0.9925 , 10 , 4 , 5 , 2 , 
MDP , 1 , 1 , 0.75 , 0.75 , 10 , 10 , 10000 , 3 , 0.9969 , 8 , 1 , 5 , 3 , 
MDP , 1 , 1 , 0.75 , 0.75 , 10 , 10 , 10000 , 3 , 0.916 , 6 , 4 , 1 , 4 , 
MDP , 1 , 1 , 0.75 , 0.75 , 10 , 10 , 10000 , 3 , 0.9915 , 8 , 2 , 5 , 2 , 
MDP , 1 , 1 , 0.75 , 0.75 , 10 , 10 , 10000 , 3 , 0.9401 , 4 , 1 , 6 , 4 , 
MDP , 1 , 1 , 0.75 , 0.75 , 10 , 10 , 10000 , 3 , 0.9985 , 12 , 4 , 7 , 4 , 
MDP , 1 , 1 , 0.75 , 0.75 , 10 , 10 , 10000 , 3 , 0.9987 , 13 , 4 , 5 , 3 , 
MDP , 1 , 1 , 0.75 , 0.75 , 10 , 10 , 10000 , 3 , 0.9954 , 10 , 3 , 5 , 2 , 
MDP , 1 , 1 , 0.75 , 0.75 , 10 , 10 , 10000 , 3 , 0.9977 , 9 , 1 , 7 , 1 , 
MDP , 1 , 1 , 0.75 , 0.75 , 10 , 10 , 10000 , 3 , 0.7395 , 4 , 4 , 5 , 5 , 
MDP , 1 , 1 , 0.75 , 0.75 , 10 , 10 , 10000 , 3 , 0.9968 , 8 , 1 , 20 , 3 , 
MDP , 1 , 1 , 0.75 , 0.75 , 10 , 10 , 10000 , 3 , 0.9777 , 8 , 4 , 13 , 2 , 
MDP , 1 , 1 , 0.75 , 0.75 , 10 , 10 , 10000 , 3 , 0.9981 , 14 , 6 , 8 , 2 , 
MDP , 1 , 1 , 0.75 , 0.75 , 10 , 10 , 10000 , 3 , 0.772 , 5 , 5 , 13 , 6 , 
MDP , 1 , 1 , 0.75 , 0.75 , 10 , 10 , 10000 , 3 , 0.9858 , 8 , 3 , 3 , 1 , 
MDP , 1 , 1 , 0.75 , 0.75 , 10 , 10 , 10000 , 3 , 0.9973 , 11 , 3 , 3 , 2 , 
MDP , 1 , 1 , 0.75 , 0.75 , 10 , 10 , 10000 , 3 , 0.9999 , 14 , 2 , 4 , 3 , 
MDP , 1 , 1 , 0.75 , 0.75 , 10 , 10 , 10000 , 3 , 0.9523 , 6 , 3 , 6 , 3 , 
MDP , 1 , 1 , 0.75 , 0.75 , 10 , 10 , 10000 , 3 , 0.9991 , 11 , 2 , 3 , 2 , 
MDP , 1 , 1 , 0.75 , 0.75 , 10 , 10 , 10000 , 3 , 0.9719 , 7 , 3 , 6 , 3 , 
MDP , 1 , 1 , 0.75 , 0.75 , 10 , 10 , 10000 , 3 , 0.999 , 10 , 2 , 6 , 5 , 
MDP , 1 , 1 , 0.75 , 0.75 , 10 , 10 , 10000 , 3 , 0.9974 , 8 , 1 , 4 , 1 , 
MDP , 1 , 1 , 0.75 , 0.75 , 10 , 10 , 10000 , 3 , 0.9244 , 8 , 6 , 7 , 3 , 
MDP , 1 , 1 , 0.75 , 0.75 , 10 , 10 , 10000 , 3 , 0.9863 , 8 , 3 , 5 , 2 , 
MDP , 1 , 1 , 0.75 , 0.75 , 10 , 10 , 10000 , 3 , 0.993 , 9 , 3 , 4 , 5 , 
MDP , 1 , 1 , 0.75 , 0.75 , 10 , 10 , 10000 , 3 , 0.9493 , 7 , 4 , 7 , 2 , 
MDP , 1 , 1 , 0.75 , 0.75 , 10 , 10 , 10000 , 3 , 0.8479 , 5 , 4 , 6 , 2 , 
MDP , 1 , 1 , 0.75 , 0.75 , 10 , 10 , 10000 , 3 , 0.971 , 7 , 3 , 5 , 2 , 
MDP , 1 , 1 , 0.75 , 0.75 , 10 , 10 , 10000 , 3 , 0.9532 , 8 , 5 , 4 , 4 , 
MDP , 1 , 1 , 0.75 , 0.75 , 10 , 10 , 10000 , 3 , 0.9225 , 7 , 5 , 6 , 7 , 
MDP , 1 , 1 , 0.75 , 0.75 , 10 , 10 , 10000 , 3 , 0.9964 , 10 , 3 , 9 , 3 , 
MDP , 1 , 1 , 0.75 , 0.75 , 10 , 10 , 10000 , 3 , 0.7714 , 5 , 5 , 2 , 2 , 
MDP , 1 , 1 , 0.75 , 0.75 , 10 , 10 , 10000 , 3 , 0.9976 , 10 , 3 , 5 , 1 , 
MDP , 1 , 1 , 0.75 , 0.75 , 10 , 10 , 10000 , 3 , 0.9989 , 12 , 3 , 2 , 3 , 
MDP , 1 , 1 , 0.75 , 0.75 , 10 , 10 , 10000 , 3 , 0.9894 , 10 , 5 , 5 , 1 , 
MDP , 1 , 1 , 0.75 , 0.75 , 10 , 10 , 10000 , 3 , 1 , 13 , 1 , 6 , 3 , 
MDP , 1 , 1 , 0.75 , 0.75 , 10 , 10 , 10000 , 3 , 0.9867 , 10 , 5 , 5 , 2 , 
MDP , 1 , 1 , 0.75 , 0.75 , 10 , 10 , 10000 , 3 , 0.7668 , 5 , 5 , 1 , 3 , 
MDP , 1 , 1 , 0.75 , 0.75 , 10 , 10 , 10000 , 3 , 0.9866 , 9 , 4 , 2 , 3 , 
MDP , 1 , 1 , 0.75 , 0.75 , 10 , 10 , 10000 , 3 , 0.7691 , 5 , 5 , 8 , 2 , 
MDP , 1 , 1 , 0.75 , 0.75 , 10 , 10 , 10000 , 3 , 0.7933 , 3 , 2 , 4 , 1 , 
MDP , 1 , 1 , 0.75 , 0.75 , 10 , 10 , 10000 , 3 , 0.9727 , 7 , 3 , 10 , 3 , 
MDP , 1 , 1 , 0.75 , 0.75 , 10 , 10 , 10000 , 3 , 0.9559 , 7 , 4 , 5 , 2 , 
MDP , 1 , 1 , 0.75 , 0.75 , 10 , 10 , 10000 , 3 , 0.3515 , 3 , 6 , 7 , 3 , 
MDP , 1 , 1 , 0.75 , 0.75 , 10 , 10 , 10000 , 3 , 0.987 , 7 , 2 , 9 , 1 , 
MDP , 1 , 1 , 0.75 , 0.75 , 10 , 10 , 10000 , 3 , 0.9723 , 6 , 2 , 3 , 4 , 
MDP , 1 , 1 , 0.75 , 0.75 , 10 , 10 , 10000 , 3 , 0.9713 , 6 , 2 , 6 , 2 , 
MDP , 1 , 1 , 0.75 , 0.75 , 10 , 10 , 10000 , 3 , 0.9971 , 10 , 3 , 7 , 1 , 
MDP , 1 , 1 , 0.75 , 0.75 , 10 , 10 , 10000 , 3 , 0.975 , 7 , 3 , 9 , 2 , 
MDP , 1 , 1 , 0.75 , 0.75 , 10 , 10 , 10000 , 3 , 0.8946 , 4 , 2 , 11 , 1 , 
MDP , 1 , 1 , 0.75 , 0.75 , 10 , 10 , 10000 , 3 , 0.9109 , 6 , 4 , 1 , 3 , 
MDP , 1 , 1 , 0.75 , 0.75 , 10 , 10 , 10000 , 3 , 0.9391 , 4 , 1 , 2 , 3 , 
MDP , 1 , 1 , 0.75 , 0.75 , 10 , 10 , 10000 , 3 , 0.9539 , 6 , 3 , 10 , 4 , 
MDP , 1 , 1 , 0.75 , 0.75 , 10 , 10 , 10000 , 3 , 0.9842 , 6 , 1 , 3 , 2 , 
MDP , 1 , 1 , 0.75 , 0.75 , 10 , 10 , 10000 , 3 , 0.9983 , 9 , 1 , 4 , 1 , 
MDP , 1 , 1 , 0.75 , 0.75 , 10 , 10 , 10000 , 3 , 0.9877 , 8 , 3 , 7 , 5 , 
MDP , 1 , 1 , 0.75 , 0.75 , 10 , 10 , 10000 , 3 , 0.9587 , 9 , 6 , 5 , 1 , 
MDP , 1 , 1 , 0.75 , 0.75 , 10 , 10 , 10000 , 3 , 0.4653 , 3 , 5 , 15 , 4 , 
MDP , 1 , 1 , 0.75 , 0.75 , 10 , 10 , 10000 , 3 , 0.9985 , 11 , 3 , 6 , 2 , 
MDP , 1 , 1 , 0.75 , 0.75 , 10 , 10 , 10000 , 3 , 0.9923 , 7 , 1 , 6 , 1 , 
MDP , 1 , 1 , 0.75 , 0.75 , 10 , 10 , 10000 , 3 , 0.9857 , 6 , 1 , 4 , 1 , 
MDP , 1 , 1 , 0.75 , 0.75 , 10 , 10 , 10000 , 3 , 0.9161 , 7 , 5 , 3 , 1 , 
MDP , 1 , 1 , 0.75 , 0.75 , 10 , 10 , 10000 , 3 , 0.9964 , 10 , 3 , 11 , 2 , 
MDP , 1 , 1 , 0.75 , 0.75 , 10 , 10 , 10000 , 3 , 0.9846 , 7 , 2 , 8 , 1 , 
MDP , 1 , 1 , 0.75 , 0.75 , 10 , 10 , 10000 , 3 , 0.9961 , 10 , 3 , 4 , 2 , 
MDP , 1 , 1 , 0.75 , 0.75 , 10 , 10 , 10000 , 3 , 0.9927 , 9 , 3 , 4 , 3 , 
MDP , 1 , 1 , 0.75 , 0.75 , 10 , 10 , 10000 , 3 , 0.7722 , 5 , 5 , 7 , 3 , 
MDP , 1 , 1 , 0.75 , 0.75 , 10 , 10 , 10000 , 3 , 0.9965 , 9 , 2 , 4 , 3 , 
MDP , 1 , 1 , 0.75 , 0.75 , 10 , 10 , 10000 , 3 , 0.6908 , 5 , 6 , 2 , 3 , 
MDP , 1 , 1 , 0.75 , 0.75 , 10 , 10 , 10000 , 3 , 0.726 , 6 , 7 , 6 , 3 , 
MDP , 1 , 1 , 0.75 , 0.75 , 10 , 10 , 10000 , 3 , 0.9764 , 9 , 5 , 8 , 3 , 
MDP , 1 , 1 , 0.75 , 0.75 , 10 , 10 , 10000 , 3 , 0.9709 , 6 , 2 , 3 , 4 , 
MDP , 1 , 1 , 0.75 , 0.75 , 10 , 10 , 10000 , 3 , 0.998 , 10 , 2 , 2 , 1 , 
MDP , 1 , 1 , 0.75 , 0.75 , 10 , 10 , 10000 , 3 , 0.9986 , 12 , 3 , 7 , 1 , 
MDP , 1 , 1 , 0.75 , 0.75 , 10 , 10 , 10000 , 3 , 0.9961 , 12 , 5 , 5 , 3 , 
MDP , 1 , 1 , 0.75 , 0.75 , 10 , 10 , 10000 , 3 , 0.9997 , 12 , 3 , 5 , 4 , 
MDP , 1 , 1 , 0.75 , 0.75 , 10 , 10 , 10000 , 3 , 0.9154 , 6 , 4 , 2 , 3 , 
MDP , 1 , 1 , 0.75 , 0.75 , 10 , 10 , 10000 , 3 , 0.9983 , 14 , 6 , 3 , 3 , 
MDP , 1 , 1 , 0.75 , 0.75 , 10 , 10 , 10000 , 3 , 0.9967 , 12 , 5 , 2 , 2 , 
MDP , 1 , 1 , 0.75 , 0.75 , 10 , 10 , 10000 , 3 , 0.9747 , 7 , 3 , 7 , 3 , 
MDP , 1 , 1 , 0.75 , 0.75 , 10 , 10 , 10000 , 3 , 0.986 , 7 , 2 , 6 , 2 , 
MDP , 1 , 1 , 0.75 , 0.75 , 10 , 10 , 10000 , 3 , 0.9571 , 9 , 6 , 5 , 2 , 
MDP , 1 , 1 , 0.75 , 0.75 , 10 , 10 , 10000 , 3 , 0.9269 , 8 , 6 , 5 , 1 , 
MDP , 1 , 1 , 0.75 , 0.75 , 10 , 10 , 10000 , 3 , 0.8312 , 4 , 3 , 1 , 1 , 
MDP , 1 , 1 , 0.75 , 0.75 , 10 , 10 , 10000 , 3 , 0.8649 , 6 , 5 , 6 , 2 , 
MDP , 1 , 1 , 0.75 , 0.75 , 10 , 10 , 10000 , 3 , 0.9143 , 7 , 5 , 3 , 5 , 
MDP , 1 , 1 , 0.75 , 0.75 , 10 , 10 , 10000 , 3 , 0.9962 , 9 , 2 , 3 , 2 , 
MDP , 1 , 1 , 0.75 , 0.75 , 10 , 10 , 10000 , 3 , 0.9962 , 8 , 1 , 5 , 4 , 
MDP , 1 , 1 , 0.75 , 0.75 , 10 , 10 , 10000 , 3 , 0.9857 , 10 , 5 , 11 , 3 , 
MDP , 1 , 1 , 0.75 , 0.75 , 10 , 10 , 10000 , 3 , 0.9958 , 10 , 3 , 8 , 1 , 
MDP , 1 , 1 , 0.75 , 0.75 , 10 , 10 , 10000 , 3 , 0.7537 , 2 , 1 , 7 , 3 , 
MDP , 1 , 1 , 0.75 , 0.75 , 10 , 10 , 10000 , 3 , 0.6901 , 5 , 6 , 9 , 3 , 
MDP , 1 , 1 , 0.75 , 0.75 , 10 , 10 , 10000 , 3 , 0.9927 , 9 , 3 , 1 , 3 , 
MDP , 1 , 1 , 0.75 , 0.75 , 10 , 10 , 10000 , 3 , 0.9766 , 9 , 5 , 4 , 1 , 
